Title,Level,Publisher,Text file,License,Count A1-A2,Count B2,Count B1,Count,Total,Freq A1-A2,Freq B2,Freq B1,Freq,IDF A1-A2,TFIDF A1-A2,IDF B2,TFIDF B2,IDF B1,TFIDF B1,IDF,TFIDF,Tree,Context count,Context freq,Context TFIDF,Context tree,msttr,mattr,ttr,rttr,cttr,mtld,hdd,Herdan,Summer,Dugast,Maas,upos,upos-DET,upos-DET-Gender,upos-DET-Gender-Fem,upos-DET-Gender-Masc,upos-DET-Number,upos-DET-Number-Sing,upos-DET-Number-Plur,upos-DET-PronType,upos-DET-PronType-Dem,upos-DET-PronType-Prs,upos-DET-PronType-Tot,upos-DET-PronType-Art,upos-DET-PronType-Ind,"upos-DET-PronType-Int,Rel",upos-DET-Number[psor],upos-DET-Number[psor]-Sing,upos-DET-Number[psor]-Plur,upos-DET-Person,upos-DET-Person-1,upos-DET-Person-3,upos-DET-Poss,upos-DET-Poss-Yes,upos-DET-Definite,upos-DET-Definite-Def,upos-DET-Definite-Ind,upos-DET-NumType,upos-DET-NumType-Card,upos-NOUN,upos-NOUN-Gender,upos-NOUN-Gender-Fem,upos-NOUN-Gender-Masc,upos-NOUN-Number,upos-NOUN-Number-Sing,upos-NOUN-Number-Plur,upos-AUX,upos-AUX-Mood,upos-AUX-Mood-Ind,upos-AUX-Mood-Sub,upos-AUX-Number,upos-AUX-Number-Sing,upos-AUX-Number-Plur,upos-AUX-Person,upos-AUX-Person-3,upos-AUX-Person-2,upos-AUX-Person-1,upos-AUX-Tense,upos-AUX-Tense-Pres,upos-AUX-Tense-Imp,upos-AUX-Tense-Past,upos-AUX-VerbForm,upos-AUX-VerbForm-Fin,upos-AUX-VerbForm-Inf,upos-ADJ,upos-ADJ-Gender,upos-ADJ-Gender-Fem,upos-ADJ-Gender-Masc,upos-ADJ-Number,upos-ADJ-Number-Sing,upos-ADJ-Number-Plur,upos-ADJ-VerbForm,upos-ADJ-VerbForm-Part,upos-ADJ-Degree,upos-ADJ-Degree-Cmp,upos-ADP,upos-PUNCT,upos-PUNCT-PunctType,upos-PUNCT-PunctType-Peri,upos-PUNCT-PunctType-Comm,upos-PUNCT-PunctType-Excl,upos-PUNCT-PunctSide,upos-PUNCT-PunctSide-Ini,upos-PUNCT-PunctSide-Fin,upos-VERB,upos-VERB-VerbForm,upos-VERB-VerbForm-Inf,upos-VERB-VerbForm-Fin,upos-VERB-VerbForm-Part,upos-VERB-VerbForm-Ger,upos-VERB-Mood,upos-VERB-Mood-Ind,upos-VERB-Mood-Sub,upos-VERB-Mood-Cnd,upos-VERB-Number,upos-VERB-Number-Plur,upos-VERB-Number-Sing,upos-VERB-Person,upos-VERB-Person-3,upos-VERB-Person-1,upos-VERB-Tense,upos-VERB-Tense-Pres,upos-VERB-Tense-Past,upos-VERB-Tense-Fut,upos-VERB-Tense-Imp,upos-VERB-Gender,upos-VERB-Gender-Masc,upos-ADV,upos-ADV-Degree,upos-ADV-Degree-Cmp,upos-SCONJ,upos-PRON,upos-PRON-Case,upos-PRON-Case-Dat,upos-PRON-Case-Acc,upos-PRON-Case-Nom,upos-PRON-Number,upos-PRON-Number-Plur,upos-PRON-Number-Sing,upos-PRON-Person,upos-PRON-Person-1,upos-PRON-Person-3,upos-PRON-Person-2,upos-PRON-PrepCase,upos-PRON-PrepCase-Npr,upos-PRON-PronType,upos-PRON-PronType-Prs,upos-PRON-PronType-Tot,"upos-PRON-PronType-Int,Rel",upos-PRON-PronType-Ind,upos-PRON-Reflex,upos-PRON-Reflex-Yes,upos-PRON-Gender,upos-PRON-Gender-Masc,upos-PRON-Definite,upos-PRON-Definite-Def,upos-PROPN,upos-CCONJ,deprel-det,deprel-nsubj,deprel-cop,deprel-root,deprel-case,deprel-obj,deprel-punct,deprel-obl,deprel-aux,deprel-nmod,deprel-advmod,deprel-mark,deprel-amod,deprel-expl:pv,deprel-xcomp,deprel-advcl,deprel-iobj,deprel-ccomp,deprel-acl,deprel-cc,deprel-conj,deprel-flat,deprel-expl:pass,deprel-appos,Lexical density
En Familia,Infantil,Fundación Montemadrid,data/literature/en_familia.txt,Creative commons,58,11,53,122,447,0.1297539149888143,0.024608501118568233,0.1185682326621924,0.27293064876957496,0.5665008717176514,0.07350570594994134,0.8405150649312056,0.020683815915533026,0.804797662589775,0.09542343650393306,0.716942325066859,0.1956755339108653,"(1, 10, 4.254098360655738, 1, 8, 3.180327868852459)",2.0952380952380953,0.004687333546393949,0.002290897226796855,"(1, 10, 3.823529411764706, 1, 8, 2.5098039215686274)",0.7966666666666665,0.808283582089553,0.6130790190735694,11.744904396867312,8.304901543412575,154.88232514177693,0.8899016936049121,0.9171496246226927,0.9512998675845469,71.27743020066082,0.014029686496620203,447,68,63,34,29,66,44,22,68,8,6,4,40,8,2,5,1,4,6,5,1,6,6,40,34,6,6,6,74,71,38,33,74,48,26,21,20,19,1,20,11,9,20,10,3,7,20,14,5,1,21,20,1,20,10,4,6,20,10,10,4,4,1,1,48,73,73,49,16,8,8,4,4,67,67,19,37,5,6,37,34,2,1,42,29,13,37,11,26,41,24,10,3,4,5,5,13,4,4,7,33,18,7,10,1,19,5,14,18,6,10,2,17,17,33,18,1,10,4,5,5,7,7,3,3,18,5,71,16,6,53,37,39,73,24,14,8,12,18,13,7,7,14,3,5,9,5,5,5,1,2,0.42953020134228187
Pájaro amarillo,Infantil,Apila Ediciones,data/literature/pajaro_amarillo.txt,Creative commons,75,4,27,106,581,0.12908777969018934,0.0068846815834767644,0.04647160068846816,0.18244406196213425,0.3418821577709242,0.04413280866233961,1.3633643341304673,0.00938632932275709,0.8487917403307578,0.03944471082432093,0.5960032978543084,0.1087372626033678,"(1, 8, 4.10377358490566, 1, 6, 3.0)",2.625,0.004518072289156626,0.0019866665603966807,"(1, 8, 3.5, 1, 6, 2.484848484848485)",0.745,0.7263315217391305,0.5182012847965739,11.19842448386249,7.91848189114463,88.55289421157684,0.8817530379051596,0.8930432289008972,0.9377041181831969,57.46554607537563,0.01740173144249484,581,61,50,14,36,60,46,14,61,3,12,6,35,4,1,6,3,3,12,4,6,12,12,35,24,11,0,0,78,75,24,51,76,56,20,21,16,16,0,18,14,4,16,15,0,1,18,3,8,7,21,16,3,25,14,3,11,25,18,7,2,2,0,0,50,108,108,85,6,0,10,5,5,82,82,26,52,1,3,52,50,0,2,53,8,45,52,42,7,51,14,28,2,7,1,1,22,2,2,3,47,28,14,12,1,31,5,26,28,4,17,7,22,22,47,28,0,13,6,7,7,8,5,1,1,69,11,61,38,5,90,33,43,108,24,12,8,21,18,21,8,8,9,6,7,11,11,10,15,0,3,0.4750430292598967
Mi casa es un castillo,Infantil,El Hilo Ediciones,data/literature/mi_casa_es_un_castillo.txt,Creative commons,132,12,38,182,1021,0.12928501469147893,0.011753183153770812,0.03721841332027424,0.178256611165524,0.5449852183694355,0.07045842196353132,1.1667480748626269,0.013713003818169953,0.6881755891845925,0.025612803515195414,0.6364055634945368,0.11344349907542184,"(3, 14, 6.8076923076923075, 2, 11, 5.285714285714286)",2.6815068493150687,0.0026263534273409097,0.0014882221585133949,"(1, 14, 5.333333333333333, 1, 11, 4.083333333333333)",0.6950000000000001,0.690492227979277,0.42020665901262916,12.401436900562057,8.76914012884451,82.19003572846367,0.8410210516298613,0.8719269576713646,0.9283381256578089,52.85766507741424,0.01891873200481748,1021,132,86,37,49,132,95,37,132,3,25,23,73,8,0,2,2,0,25,1,23,25,25,73,64,9,4,4,203,197,93,104,193,105,88,31,28,28,0,28,18,10,28,28,0,0,28,5,10,13,31,28,3,45,28,14,14,45,17,28,5,5,11,10,95,123,123,57,48,2,14,7,7,146,146,43,69,3,31,69,64,1,4,72,43,29,69,63,3,68,16,25,0,27,3,3,62,12,12,32,81,46,18,27,0,36,15,21,46,0,41,5,32,32,81,46,2,17,12,25,25,13,12,2,2,2,57,133,49,18,62,73,85,123,57,10,13,50,50,37,23,11,51,5,11,15,59,70,1,3,4,0.4485798237022527
Coronavirus no es un príncipe ni una princesa,Infantil,Audacia Comunicación,data/literature/coronavirus_no_es_un_principe_ni_una_princesa.txt,Creative commons,131,3,33,167,811,0.16152897657213316,0.0036991368680641184,0.040690505548705305,0.2059186189889026,0.4593927047863734,0.074205233448847,0.9921120272674022,0.0036699581773146817,0.48128477144824905,0.019583720663122344,0.48062838045965456,0.09897033235112493,"(2, 10, 5.263473053892215, 1, 5, 3.2215568862275448)",2.629166666666667,0.0032418824496506372,0.001426476598040747,"(1, 10, 4.635294117647059, 1, 5, 2.5294117647058822)",0.7666666666666667,0.7746371681415916,0.5135542168674698,13.233366463292974,9.357403164121102,124.28506687159384,0.8773417493490588,0.8974498710791423,0.9421876433277856,63.36688425317762,0.015781113617715132,811,87,78,36,42,85,59,26,87,3,6,4,67,5,2,4,2,2,6,3,2,6,6,67,55,12,2,2,125,124,59,65,124,88,36,42,41,38,3,41,27,14,41,30,0,11,41,37,1,0,42,41,1,35,29,10,19,35,26,9,6,6,3,3,84,126,126,76,22,18,28,14,14,124,124,28,86,7,3,86,82,4,0,93,43,50,86,38,44,93,77,7,7,2,7,7,42,4,4,31,64,48,28,14,1,53,20,33,48,20,19,9,40,40,64,48,5,7,4,4,4,21,21,1,1,8,32,88,35,20,85,61,78,126,35,20,10,40,53,12,11,7,25,15,10,6,30,31,0,0,3,0.4118372379778052
Leotolda,Infantil,Silonia,data/literature/leotolda.txt,Creative commons,98,7,53,158,971,0.10092687950566426,0.007209062821833162,0.05458290422245108,0.1627188465499485,0.4661871701415316,0.04705081634796096,0.44271786692501625,0.003191580915010416,0.5108091756439957,0.02788144831012541,0.47961789712711705,0.07804287100523635,"(3, 12, 5.810126582278481, 2, 6, 3.3354430379746836)",3.414285714285714,0.003516257172281889,0.0015301236416373812,"(3, 12, 5.367088607594937, 1, 6, 3.0126582278481013)",0.7000000000000001,0.6877389984825495,0.42744063324538256,11.768209939132797,8.321381050387728,73.94956896551724,0.8478329769985486,0.8718171536148982,0.9274858633338393,51.728320696840385,0.019331770034844393,971,99,88,60,28,97,73,24,99,10,16,3,64,4,2,10,2,8,16,9,6,16,16,64,54,10,4,4,94,92,60,32,93,64,29,51,49,48,1,51,38,13,49,32,3,14,51,40,0,4,51,49,0,30,15,9,6,30,28,2,4,4,1,1,83,189,189,65,35,32,54,27,27,147,147,36,96,9,6,96,91,3,2,105,40,65,96,63,30,103,89,12,2,0,9,9,47,1,1,31,106,79,43,24,6,76,34,42,79,33,36,10,61,60,106,79,1,17,6,12,12,19,11,4,4,56,22,103,73,17,80,68,69,189,25,24,8,51,44,17,20,17,29,28,22,10,20,23,7,0,11,0.38516992790937177
Rana de tres ojos,Infantil,Apila Ediciones,data/literature/rana_de_tres_ojos.txt,Creative commons,72,10,30,112,583,0.1234991423670669,0.017152658662092625,0.051457975986277875,0.19210977701543738,0.35279235845099166,0.04356955370235231,0.7197198918436912,0.012345109637113057,0.5550592945663041,0.028562227850753213,0.45056811768383304,0.08655854061850651,"(2, 8, 4.991071428571429, 1, 5, 3.4732142857142856)",2.786127167630058,0.00477894882955413,0.0016652066668039183,"(2, 8, 4.653061224489796, 1, 5, 3.061224489795918)",0.6839999999999999,0.6715931372549022,0.4319526627218935,9.726131457886773,6.877413508583538,74.38706975417918,0.8243336879111628,0.8652263320574234,0.9208565968673661,46.21459888028709,0.02163818412857742,583,61,53,37,16,61,43,18,61,12,6,7,35,1,0,1,0,1,6,1,5,6,6,35,25,10,4,4,81,77,53,24,77,53,24,24,22,20,0,22,21,1,22,22,0,0,20,1,15,4,24,22,2,31,16,9,7,31,24,7,3,3,2,2,65,64,64,45,9,2,6,3,3,99,99,34,59,2,4,59,57,2,0,61,15,46,59,58,1,61,7,29,1,24,2,2,41,7,7,22,46,27,6,21,0,24,3,21,27,2,25,0,23,23,46,27,0,12,3,13,13,10,8,4,4,22,16,65,40,14,49,42,36,64,19,7,9,46,36,18,8,18,15,4,15,8,14,14,21,5,2,0.4699828473413379
Caperucita roja,Infantil,Mundo Primaria,data/literature/caperucita_roja.txt,SafeCreative,107,7,40,154,948,0.11286919831223628,0.007383966244725738,0.04219409282700422,0.16244725738396623,0.27681296062865557,0.03124365694859298,0.5990914086426077,0.004423670738922208,0.49278707461019006,0.02079270357005021,0.37103043181886497,0.060272876054963294,"(3, 14, 7.3441558441558445, 2, 8, 4.162337662337662)",2.5833333333333335,0.0027250351617440225,0.0013020122673899261,"(3, 14, 6.581818181818182, 2, 8, 3.7454545454545456)",0.7328571428571429,0.727820121951223,0.4675496688741722,12.846985370606708,9.084190473360374,103.86095379240989,0.8511178191055997,0.8852750756734911,0.9355633005434644,57.76179664664045,0.0173124808793177,948,129,110,55,55,125,115,10,129,2,17,3,100,3,4,7,4,3,17,4,10,17,17,100,70,30,3,3,152,150,86,64,150,131,19,25,23,22,1,23,21,2,23,18,0,5,23,15,8,0,25,23,2,54,39,23,16,53,48,5,17,17,2,2,88,166,166,48,55,22,30,15,15,143,143,20,104,4,15,104,97,5,2,108,8,100,104,82,11,106,29,57,5,15,4,4,38,2,2,25,74,59,22,32,4,47,1,46,59,6,43,10,43,42,74,59,0,8,4,22,22,11,5,1,1,13,29,128,59,16,55,60,73,169,39,6,12,42,50,32,19,6,42,6,23,9,29,31,1,4,5,0.4219409282700422
La cenicienta,Infantil,Mundo Primaria,data/literature/la_cenicienta.txt,SafeCreative,178,11,103,292,1633,0.10900183710961421,0.006736068585425597,0.06307409675443969,0.17881200244947948,0.41835587655539686,0.045601559110141236,0.6908237800752084,0.004653436363029573,0.5990737158339298,0.037786033515550994,0.5048398453443087,0.09027142366230137,"(2, 15, 7.476027397260274, 2, 15, 5.0)",2.713004484304933,0.0016613622071677482,0.0009813693399921338,"(2, 15, 6.427083333333333, 1, 15, 3.8958333333333335)",0.7646153846153847,0.7659569377990366,0.4523281596452328,16.638053783507328,11.764880656064523,139.78082910802667,0.8687823699344325,0.8899669093030896,0.9409910514006723,65.5264664702656,0.015261009083311043,1633,205,178,92,86,201,155,46,205,10,23,6,155,6,4,5,5,0,23,3,18,23,23,155,122,33,3,3,255,236,129,107,245,191,54,50,46,42,3,46,41,5,46,35,4,7,45,17,22,4,50,46,4,109,83,54,29,109,81,28,29,29,3,3,191,236,236,78,63,52,64,32,32,215,215,47,154,6,8,154,144,8,1,160,31,129,154,134,8,158,37,74,4,43,6,5,82,6,6,43,150,104,25,59,7,86,7,79,104,15,77,12,76,72,150,104,6,32,6,37,37,38,18,2,2,22,63,205,91,28,96,157,113,237,91,16,40,89,70,66,31,24,47,15,20,26,60,60,0,10,9,0.41824862216778935
La sirenita,Infantil,Mundo Primaria,data/literature/la_sirenita.txt,SafeCreative,258,19,97,374,2123,0.12152614225153086,0.008949599623174752,0.045690061234102686,0.17616580310880828,0.3968952918331963,0.04823315369428386,0.8291934267040407,0.0074209491791694645,0.6537292156420175,0.029868927893205697,0.5350750236744481,0.09426192126907376,"(3, 18, 9.572192513368984, 2, 10, 5.633689839572193)",3.0631163708086784,0.0014428244798910402,0.0008485932045283733,"(2, 18, 7.883720930232558, 1, 10, 4.732558139534884)",0.7361111111111112,0.7299826589595447,0.3887370147621651,16.625041879523174,11.755679850521181,105.784184218779,0.8506746914999493,0.874212990995106,0.9333323387599292,59.71621956682834,0.016745869166766347,2123,319,284,114,170,319,256,63,319,7,33,15,260,4,0,6,4,2,33,2,27,33,33,260,209,51,3,3,370,325,148,177,346,265,81,91,81,79,1,82,66,16,81,77,1,3,81,7,66,7,91,81,9,133,94,36,58,130,100,30,26,26,6,4,293,225,225,83,115,6,8,4,4,271,271,76,150,21,24,150,143,4,3,171,33,138,150,132,14,168,18,91,6,53,21,20,88,7,7,61,150,104,16,67,1,74,10,64,104,7,91,6,75,73,150,104,3,30,10,43,43,47,30,6,6,33,76,322,120,26,86,232,137,225,127,50,66,103,95,90,36,36,66,13,25,38,74,77,4,8,9,0.4215732454074423
Rapunzel,Infantil,Mundo Primaria,data/literature/rapunzel.txt,SafeCreative,530,69,275,874,5808,0.0912534435261708,0.011880165289256199,0.04734848484848485,0.15048209366391185,0.49397495438234396,0.045076915603072025,0.8171274966334524,0.009707609722401552,0.6253708549111052,0.029610362448442482,0.5824406930888891,0.08764689493107596,"(2, 15, 7.964530892448512, 1, 10, 4.591533180778032)",3.8021778584392014,0.0006546449480783749,0.00047544571156304906,"(2, 15, 6.467048710601719, 1, 10, 3.530085959885387)",0.772340425531915,0.769660328989537,0.350836820083682,24.255996109835085,17.151579333698905,145.48012760630425,0.8677451405647776,0.8763680531897681,0.9382395362284495,68.52756139551735,0.014592668696151997,5808,730,613,317,296,720,607,113,730,46,108,24,518,21,10,52,47,5,108,33,56,108,108,518,389,129,10,10,917,856,478,378,871,728,143,209,190,181,5,194,174,20,190,129,20,41,190,121,39,21,209,190,13,294,212,118,94,290,261,29,59,59,13,4,678,917,917,239,332,245,316,158,158,750,750,187,498,30,35,498,454,37,4,528,44,484,498,381,80,521,160,251,35,75,30,30,267,32,32,163,506,356,109,193,23,334,14,320,361,73,221,67,279,263,506,361,6,76,28,110,110,103,60,19,19,136,189,742,302,79,355,511,411,917,289,98,173,291,287,189,113,71,183,47,66,71,189,196,7,12,47,0.40702479338842973
Los tres cerditos,Infantil,Mundo Primaria,data/literature/los_tres_cerditos.txt,SafeCreative,111,20,58,189,923,0.12026002166847237,0.021668472372697724,0.0628385698808234,0.2047670639219935,0.31067093158322606,0.03736129296396326,0.9646652838727436,0.020902823052497153,0.5490322260864413,0.03450039990575687,0.487917778700821,0.09990949097990809,"(3, 12, 7.634920634920635, 2, 8, 4.597883597883598)",2.5583941605839415,0.002771824659354216,0.0013472892613065023,"(3, 12, 6.673076923076923, 1, 8, 3.7884615384615383)",0.7328571428571429,0.7346376811594215,0.46514575411913817,13.065545980238396,9.238736162531207,106.72008473681431,0.8458170966384883,0.8852598882980738,0.9357792134151327,58.13804973604436,0.01720043937731233,923,124,109,41,68,124,98,26,124,2,16,5,97,4,0,4,2,2,16,4,12,16,16,97,72,25,2,2,143,130,56,74,131,103,28,36,31,28,1,32,28,4,31,29,0,2,30,8,11,9,36,31,3,71,42,7,35,70,59,11,13,13,7,7,109,115,115,44,35,20,22,11,11,132,132,29,92,6,5,92,88,3,0,98,16,82,92,78,12,97,11,63,8,15,6,6,48,9,9,22,71,49,11,33,1,36,10,26,49,2,45,2,35,35,71,49,2,17,1,24,24,17,11,2,2,0,45,121,50,13,52,75,62,117,46,15,19,58,43,37,20,16,27,3,15,13,42,42,0,5,0,0.4268689057421452
Pinocho,Infantil,Mundo Primaria,data/literature/pinocho.txt,SafeCreative,499,49,239,787,4456,0.111983842010772,0.01099640933572711,0.053635547576301616,0.17661579892280072,0.42953798917269925,0.048101314317140244,0.7624897095776951,0.008384648960796019,0.5937936302669483,0.03184844650668776,0.5197714519261559,0.09179985023920213,"(2, 21, 9.321473951715374, 1, 10, 5.419313850063532)",4.349593495934959,0.0009761206229656551,0.0006174220023022838,"(2, 21, 7.677083333333333, 1, 10, 4.427083333333333)",0.732972972972973,0.7347141286421104,0.3146909285523147,19.237373312838788,13.602877121725427,106.21353136697141,0.8543651524678347,0.8594506564809196,0.9281253077632882,58.52776130803307,0.01708590893707646,4456,570,503,190,313,569,487,82,570,29,64,19,438,18,1,10,9,1,64,4,54,64,64,438,323,115,8,8,682,633,283,350,649,535,114,156,140,129,3,145,135,10,140,118,13,9,137,36,81,19,156,140,11,200,143,38,105,195,168,27,41,41,5,4,579,626,626,168,254,82,112,57,55,636,636,173,399,31,33,399,375,11,13,430,46,384,399,353,29,417,64,212,15,126,31,30,200,15,15,107,335,210,72,117,6,183,13,170,211,13,175,23,145,144,335,211,2,73,27,78,78,73,66,8,8,191,153,571,277,57,194,432,331,625,239,77,122,223,212,133,65,102,186,35,49,75,149,153,23,7,21,0.42841113105924594
Peter Pan,Infantil,Mundo Primaria,data/literature/peter_pan.txt,SafeCreative,143,6,46,195,865,0.1653179190751445,0.006936416184971098,0.05317919075144509,0.2254335260115607,0.27598681548462667,0.04562556602809435,0.5216718593015225,0.003618533128103046,0.49752890862589655,0.026458184736174846,0.3575336017552652,0.08060006051130256,"(4, 20, 7.876923076923077, 2, 9, 5.271794871794872)",2.5,0.002890173410404624,0.0013282485369332069,"(2, 20, 6.857142857142857, 1, 9, 4.333333333333333)",0.7242857142857143,0.7379968454258662,0.4638472032742155,12.558186537603001,8.879978860144695,98.16964285714286,0.846110652834759,0.8835556892343981,0.934380089525988,56.65494225103418,0.017650710781224845,865,110,101,28,73,110,82,28,110,4,6,5,90,4,0,0,0,0,6,0,6,6,6,90,70,20,2,2,121,111,49,62,116,77,39,19,19,16,3,19,14,5,19,18,0,1,19,3,14,2,19,19,0,55,36,5,31,51,35,16,18,18,3,3,104,119,119,39,47,10,14,7,7,119,119,30,77,2,10,77,75,1,1,79,30,49,77,74,3,78,4,37,2,35,2,1,39,2,2,20,63,37,7,25,0,29,7,22,37,1,35,1,26,26,63,37,0,17,6,14,14,18,13,5,5,57,34,115,52,6,42,81,64,119,52,9,22,42,40,30,10,14,32,3,12,12,30,35,16,4,10,0.45202312138728323
Hansel y Gretel,Infantil,Mundo Primaria,data/literature/hansel_y_gretel.txt,SafeCreative,211,14,74,299,1377,0.1532316630355846,0.010167029774872912,0.05374001452432825,0.21713870733478577,0.4131627344853295,0.06330961290951671,0.705727567104335,0.007175153187698395,0.5836852383496852,0.03136725318654808,0.4896949045812902,0.10633171856921263,"(2, 17, 7.331103678929765, 1, 8, 4.434782608695652)",2.728232189973615,0.001981286993444891,0.0010587078512543592,"(2, 17, 6.786666666666667, 1, 8, 3.88)",0.7436363636363637,0.7424314096499551,0.4472318339100346,15.205882352941176,10.75218252568956,113.69868421052631,0.851101362975354,0.8859052883125894,0.9379828020349658,61.81461826692648,0.016177403145673775,1377,171,140,64,76,170,137,33,171,6,27,5,130,2,1,6,6,0,27,4,21,27,27,130,99,31,2,2,225,219,104,115,220,171,49,46,41,40,0,42,29,13,41,32,1,8,41,19,17,3,46,41,3,70,55,20,35,69,46,23,24,24,2,1,174,190,190,65,60,36,42,21,21,194,194,43,131,10,10,131,125,6,0,141,47,94,131,113,13,141,17,71,15,38,10,10,67,4,4,31,126,92,32,50,5,73,25,48,92,10,74,8,61,59,126,92,4,20,6,30,30,29,26,5,5,18,52,176,75,21,76,132,112,194,86,19,27,69,64,40,23,18,38,13,22,24,53,53,0,5,3,0.4168482207697894
Blancanieves,Infantil,Mundo Primaria,data/literature/blancanieves.txt,SafeCreative,258,24,88,370,2395,0.10772442588726514,0.010020876826722338,0.03674321503131524,0.1544885177453027,0.3710461397640981,0.03997073238377341,0.7398982902634537,0.007414429631032521,0.4694786810951157,0.017250156132096107,0.44143679149390924,0.06819691559613629,"(3, 16, 8.383783783783784, 1, 10, 4.975675675675675)",3.6578366445916113,0.0015272804361551613,0.0007803758182533321,"(3, 16, 7.324561403508772, 1, 10, 4.105263157894737)",0.7142105263157894,0.7105970952124889,0.33605720122574056,14.87029382381321,10.514885601054756,90.50910445946731,0.8402936135843124,0.856131913077483,0.9233112575259249,52.68492120266147,0.018980762942651667,2395,322,294,144,150,320,270,50,322,6,26,8,272,4,2,6,5,1,26,3,20,26,26,272,237,35,3,3,338,328,152,176,329,270,59,87,82,78,4,83,69,14,82,65,10,7,83,36,36,9,87,82,4,147,128,95,33,145,129,16,31,31,0,0,243,373,373,98,126,41,67,32,35,329,329,61,235,16,17,235,225,7,2,251,52,199,235,192,28,248,50,140,12,46,16,14,138,38,38,59,209,137,31,87,4,135,13,122,141,9,116,16,101,100,209,141,3,36,11,41,41,65,31,8,8,56,75,329,136,41,114,203,182,373,117,34,59,146,88,80,36,27,125,18,38,20,71,87,4,5,11,0.4208768267223382
Bambi,Infantil,Mundo Primaria,data/literature/bambi.txt,SafeCreative,97,6,39,142,610,0.15901639344262294,0.009836065573770493,0.06393442622950819,0.23278688524590163,0.33976473844327787,0.05402816332622615,0.672388004796649,0.006613652506196548,0.5616449656166667,0.03590844862139344,0.42799911917769096,0.09963258184136412,"(4, 16, 8.73943661971831, 2, 8, 5.295774647887324)",2.088785046728972,0.0034242377815229047,0.0015926858957629412,"(2, 16, 7.833333333333333, 1, 8, 4.666666666666667)",0.718,0.7299313501144187,0.5111940298507462,11.834997430464634,8.368606938406908,107.84227144667224,0.8422278247371855,0.8932221945802008,0.9385646428406222,58.85243788598756,0.016991649554726335,610,79,68,25,43,78,55,23,79,2,10,1,59,5,1,0,0,0,10,0,10,10,10,59,44,15,0,0,110,107,47,60,107,72,35,24,23,22,1,23,14,9,23,23,0,0,23,0,16,7,24,23,1,37,27,9,18,35,22,13,7,7,0,0,85,67,67,22,37,6,6,3,3,84,84,26,42,6,10,42,41,1,0,48,15,33,42,41,1,48,2,27,0,19,6,6,25,2,2,16,37,23,3,17,0,20,2,18,23,0,23,0,17,17,37,23,5,5,3,11,11,16,12,3,3,14,28,82,37,9,24,63,39,67,31,14,22,33,31,23,7,10,25,2,5,8,27,28,0,4,4,0.4426229508196721
La bella durmiente,Infantil,Mundo Primaria,data/literature/la_bella_durmiente.txt,SafeCreative,145,11,54,210,1451,0.09993108201240523,0.007580978635423846,0.037215713301171606,0.1447277739490007,0.38410754677763226,0.03838428275861935,0.7321232529530323,0.005550210739133946,0.558481676908361,0.020784293971779114,0.45381058175172023,0.06567899529142746,"(3, 23, 11.552380952380952, 2, 10, 5.4904761904761905)",2.68733153638814,0.0018520548148781117,0.0009483581168792277,"(3, 23, 8.642857142857142, 2, 10, 4.589285714285714)",0.7108333333333333,0.7166519434629045,0.4102355808285946,14.39336542711399,10.177646297608309,90.15678084099137,0.8404302044382145,0.8747785239340802,0.9318221355473315,56.82397580458664,0.01759820543777022,1451,255,234,101,133,254,206,48,255,7,17,11,214,4,1,2,2,0,17,1,15,17,17,214,185,29,2,2,275,261,113,148,265,201,64,48,42,38,3,45,35,10,42,38,1,3,44,11,29,4,48,42,3,89,65,27,38,86,60,26,26,26,5,1,165,177,177,52,96,4,8,4,4,183,183,32,119,15,17,119,115,4,0,134,31,103,119,110,8,133,14,81,8,30,15,15,61,7,7,23,100,58,7,47,0,36,7,29,58,0,57,1,48,47,100,58,5,26,6,37,37,23,15,4,4,13,50,258,95,12,56,135,100,177,69,30,50,68,44,57,29,15,62,8,11,25,46,46,3,6,15,0.42798070296347346
El mago de Oz,Infantil,Mundo Primaria,data/literature/el_mago_de_oz.txt,SafeCreative,178,11,76,265,1506,0.11819389110225764,0.0073041168658698535,0.05046480743691899,0.1759628154050465,0.40707605496922333,0.04811390291136903,0.8940171069422359,0.006530005429192957,0.5420795262422127,0.027355938907309536,0.4848121172333899,0.08530890509086875,"(3, 23, 9.879245283018868, 2, 8, 4.784905660377358)",2.940700808625337,0.0019526565794324947,0.001021328235456143,"(2, 23, 8.102941176470589, 1, 8, 4.1911764705882355)",0.7308333333333333,0.7295544130248529,0.4067930489731438,14.474060253473075,10.23470615653349,101.48252237289248,0.8484460715162396,0.8740903066116096,0.9315582031010756,56.73604160617232,0.017625480588536687,1506,205,170,55,115,205,172,33,205,8,33,8,150,6,0,3,2,1,33,3,30,33,33,150,107,43,1,1,231,217,90,127,218,174,44,51,46,43,1,46,35,11,46,40,1,5,44,9,29,6,51,46,5,86,62,26,36,84,65,19,21,21,0,0,203,198,198,61,85,4,20,10,10,211,211,69,121,6,15,121,117,3,1,127,28,99,121,109,7,126,20,66,0,40,6,6,64,6,6,39,113,70,19,46,2,58,9,49,70,6,61,3,53,53,113,70,4,23,10,31,31,27,23,6,6,53,50,203,88,19,68,141,112,198,76,25,34,74,79,53,26,27,63,8,29,21,49,55,7,4,6,0.42828685258964144
El patito feo,Infantil,Mundo Primaria,data/literature/el_patito_feo.txt,SafeCreative,109,5,32,146,881,0.12372304199772985,0.0056753688989784334,0.036322360953461974,0.16572077185017026,0.3523793302328081,0.04359744267352563,0.637153891331226,0.0036160833787243244,0.47228593437563354,0.017154540181634818,0.4106029778380075,0.06804544241129296,"(3, 12, 7.1506849315068495, 1, 6, 3.958904109589041)",2.6,0.0029511918274687855,0.0012800609738762023,"(3, 12, 6.3090909090909095, 1, 6, 3.4)",0.7585714285714287,0.7673354735152492,0.4986149584487535,13.397812696166163,9.473684210526315,134.87496706192357,0.8690379365066494,0.8942694546499814,0.9406964776320152,62.25282501951713,0.016063528035659202,881,115,97,27,70,114,85,29,115,2,21,5,83,3,1,8,3,5,21,7,13,21,21,83,53,30,1,1,126,120,40,80,121,93,28,42,37,33,1,38,34,4,37,29,5,3,35,11,18,3,42,37,4,54,43,10,33,53,43,10,5,5,0,0,80,144,144,40,37,28,42,21,21,115,115,20,77,10,8,77,74,3,0,87,13,74,77,67,7,87,14,50,1,22,10,10,50,3,3,23,83,49,16,28,1,46,10,36,49,6,40,3,31,31,83,49,1,14,14,20,20,20,19,2,2,1,36,111,45,20,55,67,64,144,43,21,15,58,28,30,15,13,27,6,8,13,29,29,0,3,3,0.3927355278093076
El gato con botas,Infantil,Mundo Primaria,data/literature/el_gato_con_botas.txt,SafeCreative,145,19,78,242,1393,0.104091888011486,0.013639626704953339,0.05599425699928212,0.17372577171572146,0.4009828596498357,0.041739062921196106,0.6896057815007552,0.009405965433247919,0.5818672719454508,0.03258122556478475,0.5042222138739304,0.08759639322145811,"(3, 14, 7.966942148760331, 1, 9, 5.107438016528926)",2.6536458333333335,0.0019049862407274469,0.0010935835216957016,"(2, 14, 7.088235294117647, 1, 9, 4.294117647058823)",0.7227272727272727,0.7260486891385771,0.4387317909168809,14.987684175663798,10.59789311489418,100.09845375169583,0.8447318017861427,0.8833411708228737,0.9365425597514163,60.537137926901664,0.01651878556279776,1393,204,172,45,127,204,169,35,204,10,34,7,150,2,1,12,9,3,34,11,22,34,34,150,110,40,5,5,236,215,75,140,222,176,46,47,42,39,3,42,35,7,42,36,2,4,42,17,22,2,47,42,4,73,49,16,33,72,59,13,19,19,2,2,170,176,176,58,54,32,38,19,19,175,175,34,121,14,6,121,111,9,0,135,17,118,121,101,12,134,29,73,7,25,14,14,52,5,5,40,136,97,42,39,5,84,11,73,97,14,74,9,51,49,136,97,4,31,0,24,24,27,24,9,9,24,49,208,89,20,68,132,122,178,51,21,36,60,66,49,19,14,42,12,22,27,46,47,13,2,9,0.4020100502512563
Aladino,Infantil,Mundo Primaria,data/literature/aladino.txt,SafeCreative,191,8,71,270,1599,0.11944965603502189,0.0050031269543464665,0.04440275171982489,0.16885553470919323,0.36335247800846315,0.04340232851758378,0.6895636895704571,0.003449974682028553,0.5209914595922086,0.02313345442842202,0.4416482897374426,0.07457475811701657,"(3, 12, 7.492592592592593, 1, 12, 5.007407407407407)",2.856115107913669,0.0017861883101398805,0.0009722358639972215,"(3, 12, 6.827160493827161, 1, 12, 4.382716049382716)",0.75,0.7500401929260482,0.41474311243484735,15.199076078045335,10.747369762556092,122.19991883116883,0.8534917865895391,0.8778096133383616,0.9339940172475699,58.946218219837334,0.01696461673369009,1599,207,165,70,95,205,188,17,207,9,40,14,138,4,2,10,9,1,40,7,30,40,40,138,98,40,2,2,243,230,114,116,231,198,33,50,46,42,4,47,41,6,46,39,1,6,47,10,28,9,50,46,2,92,76,30,46,91,76,15,19,19,3,2,183,220,220,69,87,26,42,21,21,214,214,49,151,8,6,151,142,7,2,159,23,136,151,122,18,157,35,85,5,32,8,7,84,6,6,44,161,104,35,54,5,99,5,94,105,10,82,13,70,65,161,105,2,36,8,28,28,40,33,14,14,31,59,218,78,24,81,152,125,222,87,18,47,90,69,61,21,25,54,19,24,24,55,57,4,4,6,0.4152595372107567
Ricitos de Oro,Infantil,Mundo Primaria,data/literature/ricitos_de_oro.txt,SafeCreative,121,11,58,190,991,0.12209889001009082,0.011099899091826439,0.05852674066599395,0.1917255297679112,0.3597448983882409,0.043924452779997125,0.5700135627811295,0.0063270930278430115,0.4691758758609629,0.027459334813255146,0.41644694472208266,0.07984351109706933,"(3, 15, 7.436842105263158, 1, 9, 4.221052631578948)",2.4607843137254903,0.0024831325062820288,0.0012012868638334561,"(3, 15, 6.234375, 1, 9, 3.5)",0.7275,0.7275890410958908,0.47285886610373945,13.614722748284883,9.62706277928699,104.93446586166162,0.8490714199154299,0.8885515209241305,0.9379763007594936,60.298895156392796,0.016584051787456037,991,113,90,51,39,109,87,22,113,4,23,2,76,3,5,7,4,3,23,7,16,23,23,76,58,18,2,2,131,127,78,49,127,96,31,51,51,49,2,51,47,4,51,46,1,4,51,15,31,4,51,51,0,65,52,34,18,65,55,10,19,19,0,0,100,153,153,53,47,28,38,19,19,121,121,23,81,8,9,81,74,3,2,89,14,75,81,71,6,85,10,58,2,15,8,8,62,8,8,32,94,59,14,39,3,54,3,51,60,7,46,7,47,46,94,60,3,16,11,23,23,23,15,6,6,16,37,116,53,30,64,79,63,155,37,16,26,64,49,28,25,17,27,5,13,12,36,36,7,0,2,0.3985872855701312
Historia de una gaviota y el gato que la enseñó a volar,Infantil,Tusquets,data/literature/historia_de_una_gaviota_y_el_gato_que_la_enseno_a_volar.txt,Tusquets,1190,121,400,1711,9810,0.12130479102956167,0.012334352701325178,0.040774719673802244,0.1744138634046891,0.6657325880966415,0.08075655248063235,0.9555102176387713,0.011785600034076587,0.7838055240550312,0.03195945052212156,0.7434066046907152,0.1296604180046701,"(2, 30, 8.862653419053185, 1, 26, 5.656341320864991)",4.779900920028308,0.00048724780020675926,0.0004095519575481449,"(1, 30, 6.406998158379374, 1, 26, 3.7679558011049723)",0.7448101265822783,0.7425150083024705,0.29250756811301715,26.04467412839114,18.41636568997921,110.98071178263605,0.870296936023786,0.8630827167240985,0.932911831624735,65.57357742716803,0.015250044899726428,9810,1293,1179,477,702,1275,945,330,1293,44,86,37,1071,31,18,15,12,3,86,13,71,86,86,1071,866,205,13,13,1658,1552,711,841,1583,1123,460,261,241,225,9,244,206,38,241,182,22,37,237,133,81,16,261,241,17,598,415,166,249,591,457,134,115,115,11,10,1139,1608,1608,503,453,184,290,143,147,1266,1266,289,865,47,65,865,796,38,21,912,162,750,865,730,101,878,206,440,34,198,47,44,413,39,39,192,668,425,132,251,18,396,50,346,425,54,325,46,320,316,668,425,7,146,58,130,130,172,132,32,32,274,294,1307,521,112,549,935,750,1607,436,105,384,456,341,413,100,146,255,75,193,128,276,301,23,23,96,0.4290519877675841
El Principito,Infantil,Creative Commons,data/literature/el_principito.txt,Creative commons,1042,81,344,1467,9579,0.10877962208998852,0.00845599749451926,0.03591189059400773,0.1531475101785155,0.6050355574050127,0.06581553928552283,0.9014932821277107,0.007623024934997866,0.7009961170224266,0.02517409586133362,0.6782262581872226,0.10386866277906415,"(2, 20, 7.558963871847308, 1, 10, 4.280163599182004)",5.946208112874779,0.0006207545790661635,0.00047356367373806987,"(2, 20, 6.385521885521886, 1, 10, 3.4865319865319866)",0.7198666666666669,0.7171432396251599,0.24983485268859823,21.735632183908045,15.369412910617948,89.8587274524748,0.8757191757288878,0.844717453673392,0.9229304169813236,57.51976927608306,0.01738532703773907,9579,1197,1032,383,649,1185,963,222,1197,68,152,34,889,38,13,85,73,12,152,71,67,152,152,889,632,257,15,15,1511,1403,582,821,1448,1119,329,435,403,376,13,414,372,42,403,326,14,63,400,279,88,26,435,403,18,450,318,104,214,448,348,100,84,84,25,25,871,1656,1656,499,412,176,372,186,186,1167,1167,273,782,78,34,782,728,47,4,861,96,765,782,585,157,853,342,340,31,140,78,75,592,43,43,263,878,570,211,264,66,618,54,564,574,177,344,53,398,370,878,574,9,151,64,143,143,178,123,14,14,61,291,1178,559,241,598,677,765,1654,345,154,223,697,390,274,113,129,327,104,131,136,215,237,9,41,60,0.39471761144169537
Jack y las habichuelas mágicas,Infantil,Letra Impresa,data/literature/jack_y_las_habichuelas_magicas.txt,Letra Impresa,205,16,66,287,1644,0.12469586374695864,0.009732360097323601,0.040145985401459854,0.1745742092457421,0.3714468056146107,0.04631788026216253,0.618646488431778,0.006020890398362804,0.6404872677255583,0.025712992499931173,0.4865069345616177,0.08493156339366441,"(3, 14, 7.101045296167247, 2, 8, 4.421602787456446)",3.5103857566765577,0.002135271141530753,0.0014459822989731572,"(3, 14, 6.313725490196078, 1, 8, 3.5294117647058822)",0.7099999999999999,0.7085955056179859,0.32936802973977697,12.079322711755042,8.541371001622666,93.49240808736113,0.8331042760961318,0.845841684150198,0.9152141061996989,46.73214839123576,0.02139854542162547,1644,197,163,79,84,197,178,19,197,10,33,2,151,1,0,6,6,0,33,5,27,33,33,150,121,29,2,2,285,273,144,129,280,233,47,27,25,24,1,25,23,2,25,23,1,1,25,14,7,4,27,25,2,58,37,17,20,57,53,4,10,10,3,1,193,270,270,96,92,24,36,18,18,253,253,48,188,10,7,188,179,9,0,198,24,174,188,149,26,198,134,34,3,27,10,10,57,0,0,37,159,115,50,56,2,92,4,88,115,6,98,11,71,71,159,115,0,32,8,34,34,32,23,6,6,29,67,203,90,10,102,149,167,270,80,11,45,73,74,34,34,22,52,19,18,34,56,57,0,4,6,0.4148418491484185
Los siete cabritos y el lobo,Infantil,Son cuentos infantiles,data/literature/los_siete_cabritos_y_el_lobo.txt,Creative commons,142,5,30,177,1345,0.10557620817843866,0.0037174721189591076,0.022304832713754646,0.1315985130111524,0.4175066630571232,0.04407877037480408,0.7218977603297164,0.0026836347967647447,0.4902750110349623,0.010935502104869047,0.4491465391942842,0.05910701668207309,"(3, 16, 10.463276836158192, 2, 9, 5.175141242937853)",2.8338658146964857,0.0021069634310011045,0.001209768462291176,"(3, 16, 8.236363636363636, 1, 9, 4.345454545454546)",0.7027272727272726,0.7085232903865192,0.3953068592057762,13.158434721961802,9.304418421699713,76.33545221677595,0.8391856113469086,0.8676103182714354,0.927075122688221,52.95210152162998,0.018884991742802087,1345,196,172,72,100,196,160,36,196,1,30,2,156,5,0,9,2,7,30,9,21,30,30,156,138,18,3,3,233,225,106,119,225,177,48,54,52,51,1,52,44,8,52,45,4,3,52,23,12,16,54,52,2,61,51,23,28,61,48,13,20,20,1,1,138,207,207,51,89,12,16,8,8,176,176,27,117,19,13,117,115,2,0,136,31,105,117,103,9,136,54,68,4,10,19,19,49,1,1,37,112,76,15,51,0,65,22,43,77,8,65,4,56,56,112,77,6,16,9,33,33,39,32,5,5,4,65,197,79,20,55,112,89,207,65,25,29,63,56,35,31,22,47,8,26,8,57,57,0,1,13,0.38884758364312266
La reina de las nieves,Infantil,Ciudad Seva,data/literature/la_reina_de_las_nieves.txt,Creative commons,1179,93,432,1704,10201,0.11557690422507598,0.009116753259484365,0.04234878933437898,0.16704244681893932,0.5552588065122035,0.06417509390039094,0.898309766603171,0.008189668492706097,0.7215034691654514,0.0305547984197113,0.6508861022917584,0.10872560712725775,"(1, 22, 9.396713615023474, 1, 14, 5.295774647887324)",4.873653984206748,0.0004777623746894175,0.00037547641672083885,"(1, 22, 7.722222222222222, 1, 14, 4.24)",0.730487804878049,0.729976766935676,0.2737706898634771,24.907115112566512,17.61198999588972,99.67705225987035,0.855927222892705,0.8563983426453616,0.9295231074996145,62.82125171164682,0.015918180118251347,10201,1336,1183,577,606,1318,985,333,1336,41,134,52,1052,35,19,33,27,6,134,31,100,134,134,1052,862,190,12,12,1579,1501,738,763,1519,1109,410,337,317,294,11,324,265,59,317,287,9,21,312,123,158,26,337,317,11,568,425,210,215,561,415,146,123,123,17,13,1137,1749,1749,402,670,167,253,128,125,1251,1251,204,896,64,87,896,847,36,8,960,213,747,896,807,58,946,199,423,31,293,64,60,464,43,43,233,858,559,120,341,17,520,66,454,562,62,472,28,400,389,858,562,17,148,82,196,196,293,186,37,37,173,440,1341,620,153,450,954,672,1749,541,123,288,519,353,331,166,111,351,52,120,135,402,408,15,39,40,0.3955494559356926
El flautista de Hamelin,Infantil,Teatro musical infantil,data/literature/el_flautista_de_hamelin.txt,Creative commons,289,30,144,463,3231,0.08944599195295574,0.009285051067780872,0.04456824512534819,0.1432992881460848,0.4931016982271379,0.04410597053161339,0.8043792005385721,0.007468701954861393,0.6362023243226533,0.028354421139728282,0.5801483048630768,0.0831348391060367,"(2, 16, 7.898488120950324, 1, 11, 5.248380129589632)",3.060646900269542,0.0009472754256482643,0.0006404876560872392,"(2, 16, 6.625, 1, 11, 4.136904761904762)",0.746923076923077,0.7452833850931695,0.41495327102803736,21.46155005681373,15.175607579947524,112.03304554927061,0.8623356596616115,0.8885425389071274,0.9427959824529063,70.80463328295532,0.01412336952588565,3231,450,381,151,230,449,293,156,450,17,62,20,335,12,2,15,12,3,62,14,47,62,62,335,275,60,4,4,550,494,225,269,521,326,195,92,85,79,6,86,63,23,85,67,4,14,86,30,41,12,92,85,6,184,135,53,82,184,123,61,36,36,7,6,375,494,494,138,163,80,122,61,61,426,426,81,276,29,40,276,238,28,3,305,111,194,276,249,21,295,61,135,7,92,29,27,125,14,14,94,279,173,49,108,7,148,43,105,173,34,126,13,139,136,279,173,9,69,19,66,66,65,55,15,15,29,114,461,192,22,168,285,241,495,147,52,88,157,157,126,50,39,104,19,50,62,98,102,4,22,16,0.40668523676880225
El soldadito de plomo,Infantil,Ciudad Seva,data/literature/el_soldadito_de_plomo.txt,Creative commons,251,20,81,352,2076,0.12090558766859345,0.009633911368015413,0.03901734104046243,0.16955684007707128,0.44713725849217417,0.054061393006520096,0.7751455079246329,0.0074676831206612025,0.5948932108262699,0.02321115128946429,0.5218755297186108,0.08848756573263536,"(3, 20, 8.920454545454545, 1, 10, 4.9602272727272725)",3.090721649484536,0.0014887869217170213,0.000831394683391279,"(3, 20, 7.804123711340206, 1, 10, 4.061855670103093)",0.723529411764706,0.7256587735276299,0.3734249713631157,15.603623980625509,11.033428327785327,98.57014388489209,0.8414421492691879,0.868047252889794,0.9296057324634149,56.573909220432995,0.017675992587035626,2076,303,271,104,167,299,251,48,303,17,26,7,244,5,4,2,2,0,26,0,24,26,26,244,193,51,4,4,370,347,140,207,349,291,58,87,79,72,5,85,74,11,79,75,0,4,83,13,54,15,87,79,2,104,71,37,34,103,90,13,11,11,2,2,253,287,287,82,114,40,46,23,23,221,221,39,156,13,13,156,145,5,5,169,25,144,156,150,4,163,13,97,2,51,13,13,122,16,16,50,176,104,9,75,1,90,15,75,104,8,92,4,81,80,176,104,6,30,25,45,45,63,50,5,5,3,80,303,127,36,98,207,129,287,106,31,78,140,77,71,35,15,56,8,18,35,67,65,1,9,8,0.394990366088632
Los cisnes salvajes,Infantil,Ciudad Seva,data/literature/los_cisnes_salvajes.txt,Creative commons,638,41,200,879,4759,0.13406177768438748,0.008615255305736499,0.04202563563773902,0.184702668627863,0.45383497992876093,0.060841924184608,0.8197460508709292,0.007062321514122315,0.6580833793931389,0.027656372321628025,0.5557099587708043,0.10264111236804728,"(2, 24, 11.723549488054607, 2, 14, 5.963594994311718)",3.497844827586207,0.00073499576120744,0.0005359138127461037,"(2, 24, 9.769736842105264, 1, 14, 5.026315789473684)",0.746,0.7449454729901052,0.3364670954972786,21.391476103258952,15.126057812204388,114.49384505067584,0.8527373358505738,0.8688355002180113,0.933578196398998,63.31358646407098,0.01579439826185612,4759,698,613,245,368,697,516,181,698,19,91,20,556,10,1,17,7,10,91,16,74,91,91,556,471,85,6,6,847,796,358,438,816,548,268,146,132,113,11,136,96,40,132,120,0,12,128,27,80,18,146,132,9,313,225,119,106,308,194,114,58,58,12,7,599,607,607,145,304,14,34,17,17,571,571,91,393,40,47,392,361,21,8,432,133,299,392,363,21,422,57,191,10,164,40,39,198,15,15,126,384,253,52,155,7,198,53,145,254,18,220,16,174,173,384,254,6,78,31,109,109,119,76,12,12,54,191,703,272,59,152,496,319,607,299,67,155,218,186,224,88,39,216,19,36,67,188,192,3,24,13,0.4166841773481824
El príncipe feliz,Juvenil,Elejandria,data/literature/el_principe_feliz.txt,Creative commons,493,55,193,741,4111,0.11992216005837995,0.013378739965945026,0.04694721478958891,0.1802481148139139,0.49430485415255837,0.05927810583731726,0.8873008709721533,0.011870967624292978,0.6596445993695168,0.03096847669139303,0.594562343211257,0.10716874150317234,"(2, 19, 7.755735492577598, 1, 17, 4.531713900134953)",3.681067344345616,0.0008954189599478512,0.00062061591656258,"(2, 19, 6.406976744186046, 1, 17, 3.437984496124031)",0.7366666666666668,0.7374448928904044,0.338855421686747,19.52466003283003,13.806019509576075,108.371844801586,0.8565421268404486,0.8665245298297825,0.9315444773506899,60.74314667384942,0.01646276254619043,4111,619,539,232,307,610,481,129,619,14,72,16,490,17,9,20,17,3,72,20,52,72,72,490,406,84,10,10,673,624,295,329,654,482,172,142,137,131,5,137,112,25,137,106,6,25,136,87,37,4,142,137,5,221,164,71,93,217,153,64,51,51,2,0,458,588,588,247,152,64,96,48,48,483,483,71,370,21,21,369,354,12,2,390,59,331,369,321,37,386,111,186,20,69,21,20,195,21,21,71,268,184,61,102,4,167,15,152,185,36,128,21,140,132,268,185,6,51,15,55,55,71,55,16,16,201,146,628,255,72,258,401,267,588,231,45,150,242,105,148,51,34,110,25,51,37,115,126,60,12,13,0.43128192653855507
El ruiseñor y la rosa,Juvenil,Elejandria,data/literature/el_ruisenor_y_la_rosa.txt,Creative commons,330,24,113,467,2656,0.12424698795180723,0.009036144578313253,0.04254518072289157,0.17582831325301204,0.46693292256042523,0.05801500920366729,0.6274576540416356,0.005669798078689478,0.5402821876173812,0.022986403313540692,0.5003762563365478,0.08798031314351198,"(3, 17, 7.762312633832977, 1, 13, 4.685224839400428)",3.387523629489603,0.0012754230532716878,0.0007611976722803309,"(3, 17, 6.726618705035971, 1, 13, 3.9568345323741005)",0.6804545454545454,0.6814360437470323,0.32924613987284285,15.450030789866119,10.924821541055284,73.50758451123926,0.8360122039337349,0.8556668634111957,0.9236227887910841,53.32885780214991,0.018751573560978944,2656,469,375,164,211,464,377,87,469,4,90,19,344,4,5,31,28,3,90,27,59,90,90,344,283,61,1,1,542,491,243,248,536,439,97,80,78,73,5,78,65,13,78,65,3,10,78,64,10,3,80,78,2,147,117,62,55,147,117,30,22,22,2,1,267,330,330,130,108,22,38,19,19,294,294,27,240,13,14,239,224,11,2,253,16,237,239,196,32,249,73,107,34,35,14,14,120,29,29,80,183,125,37,73,3,112,3,109,127,13,96,18,94,87,183,127,3,36,8,41,41,46,32,7,7,19,103,470,171,45,140,245,195,330,148,23,103,153,91,114,32,12,78,20,26,27,80,82,3,9,17,0.42243975903614456
El gigante egoísta,Juvenil,Elejandria,data/literature/el_gigante_egoista.txt,Creative commons,259,20,96,375,1860,0.139247311827957,0.010752688172043012,0.05161290322580645,0.20161290322580644,0.385088984046943,0.053622605843095826,0.8360008311516702,0.008989256248942692,0.4912155781671277,0.025353062098948526,0.46858695811532386,0.09447317703937981,"(2, 15, 8.264, 1, 8, 4.453333333333333)",3.4740932642487046,0.001867792077553067,0.0009358956991834087,"(2, 15, 7.1313131313131315, 1, 8, 3.727272727272727)",0.7126666666666667,0.7150904033379757,0.3565387117761874,13.977954573304016,9.883906465900784,92.05936893437931,0.8380925529363373,0.8594480239778062,0.9240019279935974,52.20551109420159,0.019155065797470356,1860,295,256,59,197,293,219,74,295,7,37,15,230,4,2,8,6,2,37,7,29,37,37,230,203,27,2,2,310,266,94,172,300,211,89,82,77,75,1,79,57,22,77,67,3,7,78,26,43,6,82,77,2,93,71,17,54,92,70,22,21,21,0,0,204,252,252,97,93,11,23,12,11,251,251,47,169,18,17,169,165,3,1,187,44,143,169,158,9,186,11,114,4,57,18,16,100,9,9,35,124,80,16,49,1,63,13,50,81,5,73,3,56,55,124,81,1,29,7,35,35,36,34,4,4,20,84,298,121,38,99,165,105,252,103,33,39,122,64,62,27,33,54,5,26,21,74,73,6,8,3,0.4161290322580645
El amigo fiel,Juvenil,Elejandria,data/literature/el_amigo_fiel.txt,Creative commons,494,63,219,776,4970,0.09939637826961771,0.01267605633802817,0.04406438631790745,0.1561368209255533,0.5158638580837823,0.05127499917372002,0.8352427109980657,0.01058758366053886,0.6661134769757369,0.029351881581023417,0.5986735136636441,0.09347497919577219,"(3, 19, 8.831185567010309, 1, 9, 4.676546391752577)",4.485677083333333,0.0009025507209926224,0.0005961694459627907,"(2, 19, 7.222222222222222, 1, 9, 3.8007662835249043)",0.7286842105263159,0.7282172995780574,0.3032639424312516,18.916962020072805,13.37631212384185,100.94612333028671,0.8613306160762663,0.8556628452318604,0.9262007730794996,57.27161163917617,0.017460657581983573,4970,649,519,216,303,638,549,89,649,11,122,19,458,24,11,52,48,4,122,44,70,122,122,458,364,94,11,11,792,719,369,350,767,636,131,199,186,162,14,188,180,8,186,141,14,31,178,112,49,11,199,186,10,284,192,51,141,281,237,44,34,34,13,10,454,811,811,245,229,91,135,68,67,619,619,128,416,38,37,416,381,25,9,454,29,425,416,317,80,443,140,190,26,87,38,37,285,19,19,155,358,253,85,127,17,252,19,233,256,58,158,40,179,167,358,256,5,44,22,71,71,80,58,13,13,96,177,654,283,90,262,344,362,811,189,76,121,341,220,224,67,55,152,50,105,38,151,160,20,15,21,0.41770623742454727
El famoso cohete,Juvenil,Elejandria,data/literature/el_famoso_cohete.txt,Creative commons,426,38,173,637,5031,0.08467501490757305,0.007553170343868018,0.03438680182866229,0.12661498708010335,0.5003592856757002,0.04236792997373252,1.0091332995274431,0.007622155711000365,0.6759417434887908,0.02324347478106953,0.6122574768712881,0.07752097252375481,"(2, 14, 7.032967032967033, 1, 10, 4.423861852433281)",4.207591933570582,0.0008363331213616739,0.0005898963257473778,"(2, 14, 5.806547619047619, 1, 10, 3.425595238095238)",0.7420000000000001,0.7434923469387741,0.3291863647673551,20.86896165570321,14.75658430306978,111.8287184708011,0.8707830027898527,0.8661092225128375,0.9320714483322341,61.981777611567686,0.01613377412740369,5031,650,569,239,330,635,527,108,650,22,66,31,493,20,15,23,18,5,66,23,43,66,66,493,383,110,4,4,821,730,332,398,794,669,125,223,207,185,11,210,179,31,207,169,5,33,199,135,45,11,223,207,12,313,215,85,130,311,252,59,44,44,13,8,468,785,785,309,168,174,196,98,98,624,624,104,450,46,24,450,413,28,6,496,86,410,450,363,82,487,177,209,17,84,46,46,296,28,28,151,386,235,52,135,23,253,27,226,236,66,159,11,167,151,386,236,10,68,28,72,72,101,81,13,13,39,150,658,301,111,338,372,382,785,198,83,116,356,217,251,63,56,148,19,69,58,110,114,11,9,26,0.4160206718346253
El manuscrito de un loco,Juvenil,Elejandria,data/literature/el_manuscrito_de_un_loco.txt,Creative commons,417,39,158,614,3916,0.10648621041879469,0.009959141981613892,0.04034729315628192,0.1567926455566905,0.4044597799456957,0.04306938923323675,0.825948429943626,0.008225737683299646,0.6016342221767502,0.02427431233501699,0.5251448862942673,0.08233885602264558,"(2, 20, 9.513029315960912, 1, 14, 5.900651465798045)",3.6028460543337646,0.0009200321895642912,0.0006096859801837706,"(1, 20, 6.814814814814815, 1, 14, 4.1534391534391535)",0.727878787878788,0.7248471882640571,0.34025511717591217,19.755318762317433,13.969119861336491,99.1700308019408,0.8539846973677002,0.8672824964901223,0.9320232733202161,61.204923995797564,0.01633855472263411,3916,532,426,190,236,528,423,105,532,23,102,8,368,26,4,60,55,5,102,60,42,102,102,368,279,89,7,7,622,592,266,326,598,445,153,171,146,118,13,161,136,25,146,137,0,9,146,27,94,25,171,146,9,238,182,62,120,235,161,74,45,45,4,3,474,467,467,159,203,62,68,34,34,522,522,94,337,52,39,337,313,16,7,389,75,314,337,245,91,381,62,172,1,146,52,50,157,14,14,124,394,283,90,131,16,271,28,243,283,119,159,5,203,185,394,283,3,66,30,48,48,113,74,9,9,2,191,526,169,62,189,406,292,467,252,97,109,174,170,161,67,36,133,38,47,71,186,189,1,9,8,0.3935137895812053
La noche del muñeco viviente,Juvenil,Ediciones B,data/literature/la_noche_del_muneco_viviente.txt,Ediciones B,1257,90,562,1909,11065,0.11360144600090374,0.008133755083596927,0.05079078174423859,0.17252598282873927,0.6483277856886552,0.07365097393679526,0.9208154398192928,0.0074896872646847135,0.7289019244274038,0.03702149855654775,0.6976867870785091,0.12036909864734513,"(2, 18, 6.723415400733368, 1, 10, 3.924044002095338)",6.714897260273973,0.0006068592191842723,0.0004573931266997121,"(1, 18, 5.776009791921664, 1, 10, 3.1138310893512853)",0.7363529411764708,0.7355005903187603,0.22966507177033493,21.259841515025908,15.032978102226105,105.42468330282031,0.8633560048078929,0.8375498609096564,0.9195456568496694,55.74575909493588,0.01793858431987597,11065,1284,1127,542,585,1276,1051,225,1284,24,156,16,1042,35,8,26,19,7,156,17,130,156,156,1042,838,204,12,12,1638,1491,792,699,1544,1270,274,387,357,335,15,369,316,53,357,234,57,66,362,226,114,20,387,357,17,507,400,200,200,503,408,95,141,141,17,14,1172,1969,1969,774,334,199,474,238,236,1454,1454,227,1010,77,140,1009,951,37,8,1087,104,983,1010,871,75,1070,248,631,12,179,77,77,456,28,28,226,854,637,188,355,53,553,46,507,643,94,460,89,466,452,854,641,10,114,59,226,226,185,122,23,23,651,251,1290,715,168,820,947,831,1969,547,169,289,521,366,328,213,137,332,104,209,59,231,226,96,26,105,0.4253050158156349
La noche del muñeco viviente 2,Juvenil,Ediciones B,data/literature/la_noche_del_muneco_viviente_2.txt,Ediciones B,1726,155,573,2454,13964,0.12360355199083357,0.011099971354912632,0.04103408765396734,0.17573761099971355,0.6616398179628437,0.08178103163877601,0.9825643502433639,0.010906436142059682,0.749604908601629,0.030759353525403422,0.7330782881736899,0.12882942703940384,"(2, 16, 6.561124694376528, 1, 10, 3.795843520782396)",7.7090352220520675,0.000552064968637358,0.0004394750122984223,"(1, 16, 5.750710900473933, 1, 10, 3.1033175355450235)",0.7321100917431191,0.731746046340546,0.2129384965831435,22.30778488588247,15.773985966058268,101.35080315555996,0.8694925921287268,0.8337429305123414,0.9184756032354391,55.9577723017304,0.01787061848366463,13964,1610,1336,685,651,1600,1281,319,1610,41,271,54,1184,39,12,213,201,12,271,195,58,271,271,1184,900,284,14,14,2032,1792,972,820,1904,1503,401,574,520,488,20,547,477,70,520,383,41,96,535,288,192,52,574,520,26,559,419,208,211,552,455,97,107,107,27,17,1370,2373,2373,971,485,326,560,280,280,1925,1925,346,1299,133,147,1298,1212,52,22,1432,146,1286,1298,857,377,1401,362,796,24,219,133,133,645,44,44,305,1324,1020,455,432,92,1000,107,893,1024,412,547,65,755,724,1324,1024,24,147,72,217,217,255,188,38,38,550,412,1590,796,220,1061,1044,1214,2373,632,288,313,763,505,361,262,191,410,192,203,102,367,367,88,44,62,0.4089802348897164
Aventura espeluznante,Juvenil,Ediciones B,data/literature/aventura_espeluznante.txt,Ediciones B,1953,200,672,2825,14960,0.130548128342246,0.013368983957219251,0.044919786096256686,0.18883689839572193,0.683697694843622,0.0892554544137429,0.9367565515500986,0.012523483309493297,0.8335725453042885,0.03744390043078087,0.7652891867627135,0.14451483640405519,"(1, 15, 6.095929203539823, 1, 10, 3.8028318584070795)",7.491373360938578,0.0005007602513996376,0.0004072365825291855,"(1, 15, 5.265939597315437, 1, 10, 3.12248322147651)",0.7212605042016806,0.7213345180671743,0.2222222222222222,24.257873864880338,17.15290710702481,94.85555577990633,0.8631893240274929,0.8397469083362655,0.9220006041227948,58.56758965703721,0.01707428982233768,14960,1792,1633,762,871,1785,1439,346,1792,35,154,44,1495,50,7,113,101,12,154,110,41,154,154,1494,1188,306,23,23,2348,2179,1122,1057,2249,1808,441,428,414,383,21,419,365,54,414,328,26,60,409,177,207,24,428,414,9,620,485,164,321,614,507,107,150,150,13,13,1549,2505,2505,1117,463,268,550,275,275,2179,2179,372,1629,126,52,1629,1533,52,32,1755,256,1499,1629,1014,558,1713,418,885,30,380,126,126,675,43,43,386,1323,988,528,375,47,1037,146,891,989,524,408,57,837,810,1323,989,26,156,82,155,155,261,188,27,27,497,408,1799,775,191,1195,1212,1245,2505,695,201,410,709,609,416,244,170,415,287,242,138,418,418,114,41,73,0.4223930481283422
Caperucita en Manhattan,Juvenil,Siruela,data/literature/caperucita_en_manhattan.txt,Siruela,1637,123,597,2357,13867,0.11805004687387323,0.008869979087041176,0.04305184971515108,0.16997187567606548,0.7664808621632743,0.09048310170630129,1.0529222948661165,0.009339398735741857,0.842320972131878,0.03626347590414157,0.8210221164690148,0.13955066910777153,"(2, 24, 8.958421722528637, 1, 20, 5.991090369113279)",5.922324159021406,0.0004270804181886065,0.0003702409565637259,"(1, 24, 6.891774891774892, 1, 20, 4.0)",0.7264957264957266,0.7254377800758183,0.23301717508331196,25.207892344505755,17.824671616220478,96.98926293799803,0.8485505742344162,0.8445020028754431,0.9244574170171005,60.24257978494177,0.016599554726405657,13867,1666,1461,700,761,1657,1279,378,1666,90,196,38,1251,72,9,36,33,3,196,24,160,196,196,1251,983,268,27,27,2173,2033,1038,995,2069,1530,539,493,455,412,33,465,395,70,455,422,15,18,455,184,247,20,493,455,27,586,448,203,245,580,424,156,152,152,24,18,1746,1800,1800,648,722,80,230,115,115,1640,1640,366,1068,98,108,1068,965,84,14,1166,186,980,1068,949,55,1146,329,209,9,599,98,98,712,78,78,477,1409,925,286,501,38,861,122,739,925,86,769,70,594,583,1409,925,15,294,102,275,275,388,230,39,39,531,520,1662,772,193,694,1412,1130,1800,702,211,506,853,711,361,216,176,380,90,162,279,419,439,120,57,167,0.40686521958606764
Crimen y castigo,Adulta,Gutenberg,data/literature/crimen_y_castigo.txt,Creative commons,843,105,281,1229,8282,0.10178700796908959,0.012678097078000484,0.0339290026563632,0.14839410770345327,0.5810190505117309,0.05914019072463041,1.0073388788172861,0.012771140096089718,0.7755296580819411,0.026312947829150623,0.7149838798779402,0.10609939487683995,"(1, 22, 9.765663140764849, 1, 11, 5.042310821806347)",4.208516886930984,0.0005081522442563372,0.0004189753670086168,"(1, 22, 7.782608695652174, 1, 11, 4.179347826086956)",0.749850746268657,0.7508211406390065,0.3161688980432544,26.06620344229197,18.43158921383278,117.75743907381775,0.8686332695934786,0.8695095371263553,0.93578606563187,67.62361342752868,0.014787733889312,8282,1055,878,419,459,1050,853,197,1055,95,168,27,696,63,5,60,49,11,168,60,108,168,168,696,515,181,11,11,1363,1234,639,595,1280,997,283,295,267,244,18,277,251,26,267,238,2,27,272,147,92,26,295,267,16,478,355,152,203,474,390,84,106,106,5,4,1038,1324,1324,284,611,74,174,87,87,961,961,215,629,78,39,627,576,35,9,706,70,636,628,532,88,689,223,254,11,201,78,75,380,30,30,205,721,483,122,244,23,452,27,425,484,84,340,60,297,288,721,484,10,138,36,149,149,163,123,30,30,127,252,1069,432,123,368,814,618,1324,442,121,244,443,334,309,109,100,301,47,95,118,238,255,36,40,43,0.3995411736295581
El túnel,Adulta,Cátedra,data/literature/el_tunel.txt,Cátedra,778,170,316,1264,9518,0.0817398613154024,0.017860895146039085,0.03320025215381383,0.13280100861525532,0.5356983837275676,0.04378791159277659,1.066627720474498,0.019050925875253696,0.7051726151608807,0.02341190863530556,0.7046662405567369,0.09358038748305479,"(2, 24, 8.98259493670886, 1, 11, 5.3140822784810124)",5.379227053140097,0.0005651635903698357,0.0004638551015886488,"(1, 24, 7.082405345211582, 1, 11, 4.271714922048997)",0.7369620253164557,0.7357413530010057,0.2634685420067814,23.51078478337606,16.624635351342707,103.48394150810327,0.8653717106101202,0.8515099101913267,0.926777553976968,60.49266387966569,0.01653093013045744,9518,1152,1023,530,493,1138,946,192,1152,138,98,40,769,86,14,69,63,6,98,69,29,98,98,769,540,229,28,28,1431,1298,727,571,1320,1058,262,424,382,323,29,392,368,24,382,349,0,33,362,145,182,30,424,382,32,547,358,135,223,540,445,95,98,98,17,13,1128,1351,1351,393,534,22,187,93,94,1231,1231,312,760,106,53,760,686,41,27,866,66,800,760,475,285,835,251,390,10,184,106,102,595,55,55,373,855,542,180,263,37,630,36,594,544,222,301,21,410,397,855,544,15,162,85,89,89,239,128,40,40,83,303,1171,377,183,449,835,706,1351,455,187,259,692,539,312,121,139,344,81,159,172,276,289,30,32,52,0.40838411430972893
El milagro secreto,Adulta,Biblioteca Ayacucho,data/literature/el_milagro_secreto.txt,Biblioteca Ayacucho,213,73,111,397,2658,0.08013544018058691,0.02746425884123401,0.0417607223476298,0.1493604213694507,0.5232308252959905,0.041929332501145965,1.015291240438258,0.02788422142663387,0.8101660451049223,0.03383311926510398,0.7297627526822024,0.108997672240344,"(2, 17, 8.047858942065492, 2, 13, 5.251889168765743)",2.5260115606936417,0.0009503429498471188,0.0007938832430488132,"(2, 17, 6.65625, 1, 13, 4.3359375)",0.7359090909090908,0.7344777517564439,0.43554162936436885,20.585966223899494,14.55647631419656,99.17390566563756,0.8541787420726457,0.892218165294839,0.9441702004421381,71.54776127836587,0.013976677706369735,2658,427,390,164,226,426,321,105,427,22,34,7,343,17,2,4,4,0,34,3,30,34,34,343,283,60,4,4,468,440,206,234,442,321,121,86,81,76,5,84,68,16,81,73,1,7,84,35,40,9,86,81,2,191,140,63,77,191,150,41,30,30,1,0,304,362,362,122,151,0,22,11,11,303,303,48,224,29,2,224,208,14,2,253,43,210,224,219,5,251,50,124,1,76,29,28,93,9,9,54,154,93,22,65,2,100,18,82,93,3,88,2,68,68,154,93,1,35,19,28,28,70,51,4,4,109,75,427,179,42,128,272,173,362,108,38,134,100,79,141,21,21,89,11,37,40,74,77,21,7,24,0.43792325056433407
Más allá del muro del sueño,Adulta,Libros Tauro,data/literature/mas_alla_del_muro_del_sueno.txt,Libros Tauro,395,51,125,571,5104,0.07739028213166144,0.009992163009404389,0.024490595611285266,0.11187304075235109,0.5047409855003662,0.03906204727128617,0.9526556658665717,0.009519090705171466,0.7686920479197225,0.018825726095212637,0.6611378362235888,0.07396350009476277,"(3, 21, 10.376532399299474, 2, 13, 6.444833625218914)",3.086285195277021,0.0006046797012690088,0.0005779671974166265,"(3, 21, 9.179487179487179, 1, 13, 5.833333333333333)",0.7602272727272728,0.7591916167664694,0.38369736545823013,25.569910260711204,18.080656939680374,130.36721181850805,0.866073398867027,0.88594561325651,0.9430940891177113,73.63710502587466,0.013580110185600307,5104,704,570,243,327,704,563,141,704,46,124,10,476,47,1,48,40,8,124,45,76,124,124,474,372,102,7,7,962,882,418,464,913,655,258,101,85,74,11,88,75,13,85,64,3,18,88,45,32,11,101,85,12,515,348,139,209,511,377,134,112,112,2,2,725,541,541,146,316,4,24,12,12,569,569,148,356,37,28,356,340,16,0,394,82,312,356,329,26,393,240,77,1,75,37,36,212,8,8,140,316,202,46,130,18,162,27,135,202,59,142,1,166,164,316,203,5,83,16,83,83,71,59,7,7,96,196,703,255,35,156,600,334,541,281,53,239,217,222,379,76,71,156,23,45,104,192,203,24,14,38,0.46120689655172414
El extranjero,Adulta,Alianza,data/literature/el_extranjero.txt,Alianza,997,54,342,1393,7107,0.1402842268186295,0.007598142676234698,0.048121570282819756,0.19600393977768396,0.6066146651179481,0.08509846927291322,0.9337891760187849,0.007095063388914364,0.6875840034415299,0.033087621946954165,0.6574490115802375,0.1288625964726707,"(1, 27, 7.075376884422111, 1, 11, 4.389806173725772)",4.793321299638989,0.0006744507245868846,0.0005173294497979892,"(1, 27, 5.49290060851927, 1, 11, 3.4868154158215012)",0.7310169491525423,0.7316720420981063,0.28647746243739564,22.17194906954666,15.677935539199204,101.84041746918652,0.8573214380681216,0.856275299455511,0.9282672547143053,60.51741042533695,0.016524170366373242,7107,966,881,330,551,962,772,190,966,39,82,19,796,26,4,33,26,7,82,33,49,82,82,796,647,149,15,15,1208,1127,480,647,1148,895,253,249,230,212,13,236,203,33,230,207,0,23,231,51,155,22,249,230,13,306,254,89,165,304,232,72,88,88,2,0,849,997,997,484,314,4,26,13,13,963,963,169,688,78,28,686,670,7,8,766,119,647,687,478,208,756,100,418,4,234,78,75,432,39,39,182,577,430,194,176,15,421,57,364,432,195,218,19,321,308,577,432,15,74,34,90,90,124,86,3,3,63,265,938,317,95,493,681,487,997,369,122,238,467,271,186,119,94,182,103,106,76,238,247,9,14,53,0.4181792598846208
Crónica de una muerte anunciada,Adulta,Debolsillo,data/literature/cronica_de_una_muerte_anunciada.txt,Debolsillo,948,84,308,1340,8977,0.10560320819873009,0.009357246296090008,0.03430990308566336,0.14927035758048346,0.6218951018316873,0.06567411791650213,0.9456844856483168,0.008849002650602497,0.7847395695885044,0.026924338580066768,0.7134012029172301,0.10648965265780197,"(2, 20, 9.763432835820895, 1, 12, 5.554477611940299)",4.519328956965718,0.0005034342159926165,0.0004499629847859045,"(2, 20, 8.125, 1, 12, 4.502777777777778)",0.7222077922077924,0.72149016542919,0.2699331275720165,23.803143380101346,16.83136409762534,96.90767388634919,0.8386580265612307,0.8538217825762239,0.9279256598139181,61.28681484853785,0.016316723302905626,8977,1220,1085,521,564,1218,976,242,1220,51,131,19,969,43,2,44,41,3,131,41,87,131,131,969,799,170,20,20,1581,1471,727,744,1496,1150,346,367,339,315,22,353,299,54,339,330,2,7,351,30,252,66,367,339,14,443,332,165,167,441,326,115,111,111,15,15,1338,1020,1020,353,443,1,3,1,2,975,975,215,607,107,46,607,581,25,0,714,97,617,607,574,32,713,37,451,5,220,107,100,363,35,35,253,711,497,158,263,15,448,47,401,497,91,403,3,337,335,711,497,11,137,35,122,122,235,159,20,20,351,285,1224,452,135,360,1065,583,1020,515,176,428,413,445,326,91,106,206,103,153,155,265,260,170,34,55,0.41361256544502617
La familia de Pascual Duarte,Adulta,Austral,data/literature/la_familia_de_pascual_duarte.txt,Austral,747,63,292,1102,8406,0.08886509635974305,0.007494646680942184,0.03473709255293838,0.1310968355936236,0.585206077834312,0.05200439449705342,0.8781276293131595,0.006581256322475499,0.713329095348446,0.024778978805822777,0.6622090258686929,0.08681350779292167,"(2, 42, 13.640653357531761, 1, 24, 8.551724137931034)",4.209866220735786,0.0005008168237848901,0.0004046932703184678,"(2, 42, 10.713541666666666, 1, 24, 6.359375)",0.7105555555555557,0.709490168539305,0.2807868125779194,23.856966888006585,16.86942306505238,86.80744188589117,0.8426568381065013,0.8570360048427063,0.9293709676691574,62.144819808401174,0.016091445804865184,8406,1026,847,453,394,1021,777,244,1026,56,167,25,722,51,5,100,97,3,167,98,67,167,167,722,582,140,18,18,1253,1168,638,530,1190,886,304,330,293,245,40,306,268,38,293,258,1,34,298,96,151,48,330,293,23,420,336,155,181,417,336,81,106,106,16,14,1064,1001,1001,164,574,58,112,56,56,1004,1004,280,637,43,44,637,571,50,8,680,120,560,637,499,121,663,150,184,5,324,43,43,488,51,51,394,923,596,197,318,28,611,83,528,597,203,372,22,460,441,923,597,17,215,58,121,121,258,172,48,48,110,335,1058,459,138,193,799,609,1001,411,118,263,518,599,208,124,134,380,101,119,183,337,336,34,45,41,0.38960266476326433
Pedro Páramo,Adulta,Cátedra,data/literature/pedro_paramo.txt,Cátedra,770,50,248,1068,8086,0.09522631709126886,0.006183527083848627,0.030670294335889192,0.13208013851100667,0.522046485984488,0.049712564210741494,0.801076636287905,0.0049534790767246165,0.5894888897492824,0.018079797756347025,0.5718016736890517,0.07552364426167538,"(2, 19, 6.968164794007491, 1, 9, 4.3164794007490634)",5.401734104046243,0.0006680353826423748,0.0005150559974325657,"(1, 19, 5.556650246305419, 1, 9, 3.064039408866995)",0.74234375,0.7430561200562614,0.2774014778325123,22.357939597695204,15.80945070288951,110.15828154317634,0.8761470443271291,0.8539357634516825,0.9273142547700014,60.10329488791374,0.01663802295472975,8086,850,705,292,413,848,671,177,850,51,146,18,591,37,2,81,71,10,146,57,65,146,146,591,496,95,10,10,1053,993,463,530,997,746,251,313,280,253,23,284,250,34,280,225,11,44,280,134,110,33,313,280,28,248,201,80,121,248,196,52,83,83,2,2,818,1548,1548,588,350,30,172,86,86,1115,1115,178,797,57,83,797,716,65,8,854,118,736,797,576,183,840,295,310,32,203,57,57,474,26,26,284,947,653,230,285,37,671,56,615,655,169,386,100,454,425,947,655,16,142,75,141,141,244,183,28,28,167,217,864,439,112,612,640,591,1548,373,128,190,538,416,133,140,116,271,111,144,107,159,155,61,41,32,0.37806084590650507
El proceso,Adulta,Debolsillo,data/literature/el_proceso.txt,Debolsillo,865,80,294,1239,9038,0.095707014826289,0.008851515822084531,0.03252932064616065,0.13708785129453419,0.6152704095435704,0.0588856942083634,0.9563355302423171,0.008465019077161469,0.763312316171577,0.02483003108590879,0.7035861874642713,0.09645311863999027,"(2, 23, 9.796610169491526, 1, 13, 5.446327683615819)",5.602901178603807,0.0006199271053998459,0.0004652059439326242,"(1, 23, 7.954545454545454, 1, 13, 4.3449197860962565)",0.7271621621621623,0.727831785909326,0.24437558938434595,21.054627024556943,14.887869544417757,101.33435698375263,0.8591591952514283,0.8418990789195092,0.9213256626565665,56.37119952375346,0.0177395550999163,9038,1079,938,456,482,1068,883,185,1079,60,133,29,794,40,11,16,14,2,133,16,117,133,133,794,647,147,12,12,1297,1117,618,499,1186,966,220,446,383,307,48,407,345,62,383,328,0,55,379,178,165,34,446,383,38,390,263,93,170,384,322,62,93,93,14,14,1040,1437,1437,346,645,36,144,72,72,1164,1164,269,722,141,32,722,647,59,13,864,92,772,722,657,63,846,191,452,14,189,141,137,570,52,52,267,878,554,129,326,3,518,60,458,554,71,448,35,374,366,878,554,26,162,67,204,204,228,190,44,44,127,287,1089,474,142,374,827,618,1437,458,257,231,642,385,206,153,130,323,58,128,140,272,275,10,51,48,0.392564726709449
El árbol de la ciencia,Adulta,Gutenberg,data/literature/el_arbol_de_la_ciencia.txt,Creative commons,884,99,260,1243,7377,0.11983190999051105,0.013420089467263115,0.035244679408973835,0.168496678866748,0.5857157766896498,0.07018744023229638,1.0630146277075285,0.014265751408844425,0.7484587446334788,0.02637918850544998,0.7107972338976156,0.1197669732594193,"(2, 21, 9.696701528559936, 1, 11, 5.357200321802091)",4.002450980392157,0.0005425580832848255,0.0004623102612680424,"(1, 21, 7.918088737201365, 1, 11, 4.665529010238908)",0.7158064516129031,0.7150621321124796,0.3032984714400644,23.910617279035716,16.90735962036239,89.94333132206691,0.8433091607191242,0.8634143089946553,0.9322381689777379,63.95048368282603,0.015637098304989848,7377,1075,953,403,550,1073,818,255,1075,61,117,21,823,49,2,2,1,1,117,2,115,117,117,823,647,176,19,19,1252,1159,551,608,1207,896,311,178,160,141,16,163,132,31,160,158,1,1,160,20,125,14,178,160,15,426,296,116,180,423,335,88,55,55,13,10,1042,948,948,277,485,26,54,27,27,797,797,174,547,31,45,547,512,30,2,578,127,451,547,529,12,573,46,160,6,361,31,30,258,20,20,154,571,370,99,229,7,322,50,272,371,10,348,13,236,234,571,371,9,85,65,162,162,155,131,23,23,340,275,1085,403,78,293,900,522,948,346,65,358,284,241,311,117,74,244,30,62,100,282,304,79,37,60,0.4165649993222177
