Title,Level,Publisher,Text file,Type,Count A1-A2,Count B2,Count B1,Count,Total,Freq A1-A2,Freq B2,Freq B1,Freq,IDF A1-A2,TFIDF A1-A2,IDF B2,TFIDF B2,IDF B1,TFIDF B1,IDF,TFIDF,Tree,Context count,Context freq,Context TFIDF,Context tree,msttr,mattr,ttr,rttr,cttr,mtld,hdd,Herdan,Summer,Dugast,Maas,upos,upos-NOUN,upos-NOUN-Gender,upos-NOUN-Gender-Fem,upos-NOUN-Gender-Masc,upos-NOUN-Number,upos-NOUN-Number-Sing,upos-NOUN-Number-Plur,upos-NOUN-AdvType,upos-NOUN-AdvType-Tim,upos-ADP,upos-PUNCT,upos-PUNCT-PunctSide,upos-PUNCT-PunctSide-Ini,upos-PUNCT-PunctSide-Fin,upos-PUNCT-PunctType,upos-PUNCT-PunctType-Qest,upos-PUNCT-PunctType-Comm,upos-PUNCT-PunctType-Peri,upos-PUNCT-PunctType-Semi,upos-PUNCT-PunctType-Excl,upos-PUNCT-PunctType-Quot,upos-PUNCT-PunctType-Colo,upos-PUNCT-PunctType-Brck,upos-PUNCT-PunctType-Dash,upos-ADV,upos-ADV-Polarity,upos-ADV-Polarity-Neg,upos-ADV-Degree,upos-ADV-Degree-Cmp,upos-AUX,upos-AUX-Mood,upos-AUX-Mood-Ind,upos-AUX-Mood-Sub,upos-AUX-Mood-Cnd,upos-AUX-Number,upos-AUX-Number-Plur,upos-AUX-Number-Sing,upos-AUX-Person,upos-AUX-Person-1,upos-AUX-Person-3,upos-AUX-Person-2,upos-AUX-Tense,upos-AUX-Tense-Pres,upos-AUX-Tense-Imp,upos-AUX-Tense-Past,upos-AUX-Tense-Fut,upos-AUX-VerbForm,upos-AUX-VerbForm-Fin,upos-AUX-VerbForm-Part,upos-AUX-VerbForm-Inf,upos-AUX-Gender,upos-AUX-Gender-Masc,upos-VERB,upos-VERB-VerbForm,upos-VERB-VerbForm-Inf,upos-VERB-VerbForm-Part,upos-VERB-VerbForm-Fin,upos-VERB-VerbForm-Ger,upos-VERB-Gender,upos-VERB-Gender-Masc,upos-VERB-Number,upos-VERB-Number-Sing,upos-VERB-Number-Plur,upos-VERB-Tense,upos-VERB-Tense-Past,upos-VERB-Tense-Pres,upos-VERB-Tense-Fut,upos-VERB-Tense-Imp,upos-VERB-Mood,upos-VERB-Mood-Ind,upos-VERB-Mood-Sub,upos-VERB-Mood-Cnd,upos-VERB-Person,upos-VERB-Person-1,upos-VERB-Person-3,upos-VERB-Person-2,upos-INTJ,upos-PRON,upos-PRON-Number,upos-PRON-Number-Sing,upos-PRON-Number-Plur,upos-PRON-PronType,upos-PRON-PronType-Dem,upos-PRON-PronType-Prs,upos-PRON-PronType-Tot,"upos-PRON-PronType-Int,Rel",upos-PRON-PronType-Neg,upos-PRON-PronType-Ind,upos-PRON-Case,upos-PRON-Case-Dat,upos-PRON-Case-Nom,upos-PRON-Case-Acc,"upos-PRON-Case-Acc,Nom",upos-PRON-Case-Com,upos-PRON-Person,upos-PRON-Person-1,upos-PRON-Person-2,upos-PRON-Person-3,upos-PRON-PrepCase,upos-PRON-PrepCase-Npr,upos-PRON-PrepCase-Pre,upos-PRON-Gender,upos-PRON-Gender-Masc,upos-PRON-Gender-Fem,upos-PRON-Reflex,upos-PRON-Reflex-Yes,upos-PRON-Definite,upos-PRON-Definite-Def,upos-ADJ,upos-ADJ-Number,upos-ADJ-Number-Sing,upos-ADJ-Number-Plur,upos-ADJ-Gender,upos-ADJ-Gender-Fem,upos-ADJ-Gender-Masc,upos-ADJ-VerbForm,upos-ADJ-VerbForm-Part,upos-ADJ-NumType,upos-ADJ-NumType-Ord,upos-ADJ-Degree,upos-ADJ-Degree-Abs,upos-ADJ-Degree-Cmp,upos-SCONJ,upos-DET,upos-DET-Gender,upos-DET-Gender-Fem,upos-DET-Gender-Masc,upos-DET-Number,upos-DET-Number-Sing,upos-DET-Number-Plur,upos-DET-PronType,upos-DET-PronType-Dem,upos-DET-PronType-Art,upos-DET-PronType-Prs,upos-DET-PronType-Ind,"upos-DET-PronType-Int,Rel",upos-DET-PronType-Tot,upos-DET-Definite,upos-DET-Definite-Def,upos-DET-Definite-Ind,upos-DET-Number[psor],upos-DET-Number[psor]-Sing,upos-DET-Person,upos-DET-Person-1,upos-DET-Person-3,upos-DET-Person-2,upos-DET-Poss,upos-DET-Poss-Yes,upos-DET-NumType,upos-DET-NumType-Card,upos-CCONJ,upos-NUM,upos-NUM-NumType,upos-NUM-NumType-Card,upos-NUM-Number,upos-NUM-Number-Plur,upos-NUM-Number-Sing,upos-NUM-Gender,upos-NUM-Gender-Fem,upos-NUM-NumForm,upos-NUM-NumForm-Digit,upos-PROPN,deprel-dep,deprel-case,deprel-punct,deprel-advmod,deprel-aux,deprel-root,deprel-nsubj,deprel-cop,deprel-mark,deprel-advcl,deprel-expl:pv,deprel-xcomp,deprel-obj,deprel-obl,deprel-ccomp,deprel-det,deprel-acl,deprel-csubj,deprel-nmod,deprel-cc,deprel-conj,deprel-iobj,deprel-expl:pass,deprel-fixed,deprel-amod,deprel-nummod,deprel-appos,deprel-flat,deprel-parataxis,Lexical density
Una música tan triste,Avanzado,Edinumen,data/readers/una_musica_tan_triste.txt,Graded reader,268,6,64,338,2706,0.09903917220990392,0.0022172949002217295,0.023651145602365115,0.12490761271249076,0.48488538413281945,0.048022647061195724,0.7522821487996286,0.0016680313720612609,0.6418502967726984,0.015180494823892351,0.5322930200312868,0.06648745039563006,"(2, 17, 6.665680473372781, 1, 10, 4.239644970414201)",3.713733075435203,0.0013724069014912057,0.0009406917983025122,"(2, 17, 5.438144329896907, 1, 10, 3.2422680412371134)",0.7571428571428571,0.7555507868383399,0.377959927140255,17.71176839071728,12.52411153588173,116.07710541851944,0.8828548108369846,0.8735485532391479,0.9337455987182911,60.84859445840294,0.016434233344265917,2706,344,313,172,141,327,237,90,1,1,249,473,88,44,44,473,74,197,156,11,8,8,9,6,4,198,57,57,23,23,127,122,115,5,2,124,18,106,122,21,92,9,122,72,43,6,1,127,122,2,3,2,2,310,310,51,17,220,22,17,17,237,189,48,236,45,143,6,42,219,208,10,1,219,57,127,35,37,266,209,182,27,266,15,169,10,46,7,19,169,76,27,55,10,1,169,77,31,61,122,113,9,53,41,12,17,17,17,17,127,127,98,29,92,34,58,21,21,4,4,2,1,1,78,276,252,120,132,273,200,73,276,20,209,19,12,3,13,209,147,62,6,6,19,5,13,1,19,19,5,5,87,21,21,21,20,19,1,1,1,1,1,113,27,205,473,207,39,194,137,66,102,93,20,21,174,94,46,284,27,7,69,83,104,39,6,37,72,11,25,43,1,0.4172209903917221
Misiones guaraníes,Avanzado,Editorial S.M.,data/readers/misiones_guaranies.txt,Graded reader,65,19,41,125,682,0.09530791788856305,0.02785923753665689,0.060117302052785926,0.18328445747800587,0.6635940147124967,0.06324576386556054,1.1305937476874728,0.03149747977428443,0.96819673744183,0.05820537571131236,0.8357513511665765,0.15318023298507635,"(3, 16, 6.832, 2, 8, 5.2)",1.8432835820895523,0.0027027618505711913,0.0023444724273858743,"(3, 16, 6.545454545454546, 2, 8, 4.757575757575758)",0.7400000000000001,0.7416536964980556,0.5562805872756933,13.77286027886043,9.738882899517053,97.54678971989968,0.8257685149552704,0.9086243202892689,0.9484587749954153,70.24150141760796,0.014236597735214735,682,155,137,71,66,152,54,98,1,1,98,62,2,1,1,62,0,25,32,2,2,0,1,0,0,21,2,2,2,2,8,8,8,0,0,8,6,2,8,0,8,0,8,2,3,3,0,8,8,0,0,0,0,75,75,17,2,55,1,2,2,57,12,45,57,37,8,0,12,55,53,2,0,55,0,55,0,0,25,8,2,6,25,0,11,1,8,0,5,11,2,0,8,1,0,11,1,0,10,9,9,0,6,5,1,7,7,1,1,69,69,24,45,47,25,22,10,10,1,1,1,0,1,5,99,80,36,44,99,51,48,99,1,71,17,8,0,2,71,66,5,0,0,17,0,17,0,17,17,1,1,43,5,5,5,4,4,0,1,1,0,0,17,0,81,62,25,2,33,37,5,20,10,5,10,58,27,0,100,11,2,34,41,45,1,2,5,52,4,4,5,0,0.4941348973607038
Una etiqueta olvidada,Avanzado,Difusión,data/readers/una_etiqueta_olvidada.txt,Graded reader,360,57,148,565,3104,0.11597938144329897,0.01836340206185567,0.04768041237113402,0.18202319587628865,0.5401543782670215,0.06264677067529889,0.944003968381353,0.017335124419374074,0.6993123968837396,0.03334350345966284,0.6357328852082063,0.11571813148925146,"(2, 19, 6.902654867256637, 1, 8, 3.936283185840708)",3.9587813620071683,0.0012753805934301444,0.0007715031032433694,"(1, 19, 5.44672131147541, 1, 8, 3.0204918032786887)",0.745,0.7454616048317512,0.34960695076541165,17.187724497349055,12.15355654524166,102.41831430531393,0.883775848436232,0.8650952941128938,0.9294085306305058,57.74655768659922,0.01731704953613299,3104,446,403,178,225,421,295,126,6,6,291,598,150,75,75,598,89,172,208,1,62,24,10,0,32,153,45,45,9,9,119,114,109,3,2,115,17,98,114,12,99,3,113,95,14,2,2,119,114,1,4,1,1,391,391,64,32,281,14,32,32,313,263,50,307,44,251,3,9,281,265,9,2,281,38,215,28,51,248,180,161,19,248,17,152,4,46,10,19,152,55,14,66,15,2,152,33,27,92,99,93,6,57,46,11,30,30,9,9,98,98,75,23,74,29,45,12,12,6,6,6,1,5,60,342,301,123,178,334,261,73,342,22,250,30,20,8,12,250,192,58,7,6,30,3,23,4,30,30,6,6,86,20,20,20,16,16,0,0,0,3,3,201,41,250,598,181,53,245,194,47,86,75,22,30,235,146,46,348,32,10,81,74,90,30,10,18,64,13,29,51,3,0.43170103092783507
Los polifacéticos,Avanzado,Editorial S.M.,data/readers/los_polifaceticos.txt,Graded reader,136,30,55,221,1183,0.11496196111580727,0.0253592561284869,0.04649196956889264,0.18681318681318682,0.4640533700550579,0.05334848548392889,1.0974760619856507,0.02783117655077728,0.8878983747979007,0.04128014422137323,0.694144772274893,0.12967539701838662,"(3, 19, 8.57918552036199, 2, 8, 4.904977375565611)",2.16,0.0018258664412510567,0.0013383278850501315,"(2, 19, 7.509433962264151, 1, 8, 4.339622641509434)",0.733,0.7353973509933767,0.4935323383084577,15.645831387337493,11.063273471287669,108.0889879525852,0.8480243965724351,0.8978456291365591,0.9442645090899479,67.66957460620137,0.014777690059667645,1183,215,188,98,90,194,153,41,5,5,175,147,4,2,2,147,0,80,52,2,0,0,9,4,0,41,7,7,2,2,34,30,29,1,0,32,5,27,30,0,30,0,32,12,8,11,1,34,30,2,2,2,2,100,100,28,10,58,4,10,10,68,62,6,65,37,17,1,10,58,55,0,3,58,0,58,0,0,55,29,27,2,55,2,30,2,16,0,5,30,5,2,16,7,0,30,2,0,28,16,16,0,20,15,5,10,10,1,1,66,66,48,18,40,19,21,7,7,8,8,2,0,2,15,155,133,70,63,155,124,31,155,5,117,22,8,0,3,117,95,22,0,0,22,0,22,0,22,22,4,4,38,12,12,12,8,8,0,2,0,4,4,130,0,143,148,50,13,53,49,16,35,17,6,15,79,51,1,152,20,2,68,35,49,1,3,21,56,5,29,59,0,0.46661031276415893
Los labios de Bárbara,Avanzado,Edinumen,data/readers/los_labios_de_barbara.txt,Graded reader,221,25,98,344,2421,0.0912845931433292,0.010326311441553077,0.040479140850888065,0.14209004543577033,0.5503816697873481,0.05024136680008424,0.785691842777601,0.008113298665609262,0.6361770367039383,0.025751899874839307,0.5993933409970891,0.08516782705617457,"(2, 18, 10.281976744186046, 1, 17, 7.357558139534884)",3.3659574468085105,0.0013903169957903802,0.0008294058383084627,"(1, 18, 8.152941176470588, 1, 17, 5.376470588235295)",0.687,0.6852620967742041,0.3528564570331253,16.104331588716967,11.387482072858491,70.00605929049863,0.8398732582913977,0.8636805394948367,0.9279346208658519,56.05629902688426,0.017839208391556602,2421,310,292,132,160,296,217,79,3,3,284,271,18,9,9,271,12,155,81,0,6,14,3,0,0,156,62,62,13,13,114,102,82,13,7,104,12,92,102,11,58,33,97,67,26,2,2,114,102,2,10,2,2,379,379,139,45,182,13,45,44,227,194,33,226,55,101,17,53,182,143,38,1,182,33,101,48,5,278,211,190,21,278,10,196,1,43,11,17,195,107,17,55,15,1,196,3,95,98,131,126,5,55,26,29,21,21,6,6,67,66,55,11,45,10,35,15,15,0,0,1,0,1,167,257,225,92,133,255,181,74,257,17,180,32,15,2,10,180,144,36,17,16,32,4,15,13,32,32,11,11,94,11,11,11,8,6,2,2,1,3,3,28,1,194,271,173,78,85,93,32,245,124,41,61,194,103,48,252,45,7,58,81,86,59,7,20,34,8,9,4,0,0.3903345724907063
Noventa y seis horas y media en ninguna parte,Avanzado,Edinumen,data/readers/noventa_y_seis_horas_y_media_en_ninguna_parte.txt,Graded reader,572,39,175,786,4656,0.12285223367697594,0.008376288659793814,0.03758591065292096,0.16881443298969073,0.5279553216190124,0.0648604905425419,0.8836417905184947,0.007401638709239968,0.682268425677838,0.025643680088836263,0.6043011455272506,0.10201475523720338,"(2, 16, 6.424936386768448, 1, 8, 3.6119592875318065)",4.993817619783616,0.0010725553307095396,0.0006230603832886104,"(1, 16, 5.53421052631579, 1, 8, 2.8421052631578947)",0.7391176470588235,0.7406692913385823,0.2919729491326081,17.02730567320267,12.040123306857778,105.29155903821645,0.8755498559307774,0.8486078889412602,0.9216722982138194,53.71366267461627,0.018617237220588476,4656,555,464,233,231,494,413,81,15,15,425,1100,212,106,106,1100,188,373,322,0,26,93,14,0,84,287,87,87,11,11,171,162,159,1,2,164,21,143,162,14,145,3,162,115,25,14,8,171,162,2,7,2,2,499,499,76,26,380,17,26,26,406,352,54,390,72,280,9,29,380,356,9,4,380,72,292,16,90,405,307,296,11,405,27,249,10,65,16,38,248,89,27,108,23,1,249,59,30,160,149,142,7,86,75,11,47,47,11,11,166,160,150,10,131,39,92,24,24,3,3,7,3,4,91,452,407,178,229,447,381,66,452,21,353,41,22,5,8,353,235,118,11,8,41,10,30,1,41,41,10,10,122,40,40,40,22,21,1,1,1,17,17,253,59,340,1100,333,49,381,241,84,136,115,36,41,315,184,70,435,33,9,100,103,101,34,16,81,110,18,59,61,0,0.39733676975945015
La Poesía del Romanticismo,Avanzado,SGEL,data/readers/la_poesia_del_romanticismo.txt,Graded reader,154,76,88,318,2074,0.0742526518804243,0.03664416586306654,0.04243008678881389,0.15332690453230471,0.48059299338368405,0.035685304233889756,1.263165286537199,0.04628763827233709,0.9680955878384997,0.04107637981185534,0.8690532425651107,0.13324924355627057,"(2, 17, 10.468553459119496, 1, 14, 6.79559748427673)",2.1976549413735342,0.0010596214760720995,0.0009726047717986037,"(2, 17, 8.125, 1, 14, 5.180555555555555)",0.7276470588235294,0.7215834348355784,0.46410109132682364,19.36475359492275,13.69294858297645,94.75831923293853,0.8481372287390295,0.8971280126017195,0.9459877144646879,72.53884296876058,0.01378571754212647,2074,392,351,160,191,373,289,84,14,14,277,290,24,11,13,290,2,161,67,13,6,18,7,16,0,61,7,7,9,9,44,42,40,1,1,42,11,31,42,5,37,0,41,35,2,4,0,44,42,0,1,0,0,159,159,23,9,121,6,9,8,130,97,33,130,59,50,13,8,121,114,7,0,121,13,108,0,0,102,55,45,10,102,6,53,0,32,2,9,52,8,8,34,2,0,53,13,2,38,40,40,0,30,22,8,19,19,8,8,183,180,131,49,145,60,85,46,46,8,8,1,0,1,33,331,266,114,152,331,272,59,331,5,241,67,13,0,5,241,207,34,32,30,67,26,35,6,67,67,0,0,80,8,8,8,8,8,0,0,0,0,0,114,2,258,290,70,11,72,104,29,49,49,9,7,109,99,6,338,40,1,106,76,83,5,8,9,141,7,52,40,0,0.4382835101253616
Do de pecho,Avanzado,Edelsa,data/readers/do_de_pecho.txt,Graded reader,325,21,87,433,2810,0.11565836298932385,0.007473309608540925,0.03096085409252669,0.15409252669039145,0.440052584736279,0.050895761579818746,0.9155412187511157,0.006842122987107982,0.6340433999728833,0.019630525194889982,0.5333036608687334,0.08217810859649877,"(1, 18, 7.450346420323326, 1, 12, 4.533487297921478)",4.24295010845987,0.0015099466578149003,0.00080850617223721,"(1, 18, 5.733009708737864, 1, 12, 3.029126213592233)",0.7409523809523809,0.7418274357731491,0.33950046253469013,15.785858845829788,11.162287836739889,108.51198283529098,0.8660841504874839,0.8593163622756156,0.925621304475283,54.58196221256941,0.018321070908105152,2810,341,309,152,157,326,274,52,0,0,244,547,84,42,42,547,70,163,201,0,14,46,6,0,47,162,56,56,7,7,126,117,113,2,2,118,18,100,117,21,95,1,116,86,20,6,4,126,117,1,8,1,1,367,367,70,22,259,16,22,21,281,248,33,277,51,205,10,11,259,233,21,1,259,46,201,12,65,265,187,152,35,265,17,186,6,41,1,14,186,68,12,83,23,0,186,36,18,132,113,113,0,67,51,16,40,40,10,10,106,105,86,19,76,20,56,24,24,3,3,4,1,3,94,275,205,77,128,273,237,36,275,12,163,66,16,2,15,163,101,62,22,20,66,22,44,0,66,66,9,9,88,12,12,12,11,11,0,0,0,1,1,118,37,182,547,185,46,206,172,56,140,110,36,36,215,84,58,278,23,6,58,75,71,31,6,24,55,9,26,31,3,0.41245551601423486
París de la Belle époque,Avanzado,Editorial S.M.,data/readers/paris_de_la_belle_epoque.txt,Graded reader,49,16,27,92,768,0.06380208333333333,0.020833333333333332,0.03515625,0.11979166666666667,0.44940438843503827,0.028672936241298012,1.0397974941257073,0.02166244779428557,0.7606440375346336,0.02674139194457696,0.6762281444491571,0.08100649647047195,"(4, 27, 11.728260869565217, 2, 11, 6.521739130434782)",1.787313432835821,0.0023272310323383086,0.0018129755806627502,"(4, 27, 8.538461538461538, 2, 11, 5.5)",0.7116666666666666,0.7198046181172302,0.525679758308157,13.525404093454608,9.563904952770041,94.57142857142857,0.8278747914649704,0.9009951062624775,0.9442804086200518,65.60549999838365,0.015242624475457659,768,169,152,72,80,161,102,59,1,1,113,82,0,0,0,82,0,49,26,0,0,6,1,0,0,23,5,5,3,3,14,14,14,0,0,14,1,13,14,0,14,0,14,0,9,5,0,14,14,0,0,0,0,47,47,12,1,32,2,1,0,33,17,16,32,9,2,0,21,32,31,0,1,32,1,31,0,0,34,10,7,3,34,2,14,0,15,0,3,14,0,0,13,1,0,14,0,0,14,13,13,0,8,8,0,13,13,0,0,80,80,57,23,48,22,26,10,10,2,2,3,0,3,6,125,119,50,69,125,79,46,125,10,103,6,5,0,1,103,90,13,0,0,6,0,6,0,6,6,4,4,36,5,5,5,5,5,0,0,0,0,0,33,0,104,82,26,4,26,42,9,11,3,6,2,24,28,1,124,19,0,66,34,36,0,5,9,71,2,19,9,0,0.4583333333333333
Congreso en Granada,Avanzado,Edelsa,data/readers/congreso_en_granada.txt,Graded reader,377,34,105,516,3236,0.11650185414091471,0.010506798516687269,0.03244746600741656,0.15945611866501855,0.4957075640370866,0.057750850321996804,0.892865052700072,0.009381153211311017,0.6565121872249452,0.021302156878436108,0.5835412983261429,0.09304923051183243,"(2, 14, 6.267441860465116, 1, 8, 3.804263565891473)",4.103146853146853,0.0012679687432468644,0.0007599077826707895,"(2, 14, 5.391304347826087, 1, 8, 3.0988142292490117)",0.7344000000000002,0.735603128859613,0.3425632911392405,17.223815202404555,12.17907652752421,106.46919683182892,0.864457090725373,0.8632707438438576,0.9285800177255056,57.30436905411892,0.01745067638831497,3236,431,384,181,203,406,317,89,2,2,334,625,86,43,43,625,72,196,243,3,14,37,11,0,49,167,46,46,11,11,140,130,122,5,3,133,13,120,130,10,118,2,130,87,27,9,7,140,130,3,7,3,3,395,395,83,35,261,16,35,35,296,261,35,291,74,188,3,26,261,248,9,0,261,34,224,3,44,257,154,143,11,257,13,152,7,45,6,34,152,41,6,88,17,0,152,32,6,114,111,109,2,56,40,16,56,56,9,9,110,109,94,15,73,26,47,16,16,2,2,5,0,5,74,371,349,137,212,367,297,70,371,14,294,16,31,4,12,294,199,95,2,2,16,2,14,0,16,16,13,13,93,23,23,23,14,14,0,0,0,9,9,172,24,272,625,189,64,254,180,49,111,77,39,46,203,147,43,372,44,10,91,82,87,27,14,34,63,9,48,24,1,0.40760197775030904
La última novela,Avanzado,Edinumen,data/readers/la_ultima_novela.txt,Graded reader,600,81,251,932,7325,0.08191126279863481,0.0110580204778157,0.03426621160409556,0.12723549488054609,0.555111145410681,0.04546985491418547,0.9937262476851438,0.010988645196245277,0.7928990534494121,0.027169646746184634,0.7041377934176758,0.08959132060959371,"(2, 23, 10.087982832618026, 1, 17, 6.453862660944206)",4.8243375858684985,0.00065861263970901,0.0005119833768268144,"(2, 23, 7.610921501706485, 1, 17, 4.580204778156997)",0.7290163934426231,0.7263164893617007,0.2760425183973835,21.5861013398618,15.263678636796298,95.4576929639388,0.8545753110788821,0.8523598823351792,0.9262293518535619,59.05237808001755,0.016934119039964373,7325,960,880,450,430,900,736,164,4,4,845,993,141,70,71,993,109,480,256,7,32,78,10,0,21,439,136,136,28,28,373,313,288,14,11,342,42,300,313,37,258,18,331,112,174,40,5,373,313,29,30,29,29,1018,1018,233,131,598,56,131,129,729,666,63,706,316,225,8,157,598,518,54,9,598,85,447,66,85,672,419,397,22,672,36,389,10,159,21,57,385,127,26,201,31,0,389,47,55,287,266,259,7,168,135,33,106,106,38,38,246,245,210,35,184,81,103,56,56,16,16,7,3,4,291,813,712,333,379,807,651,156,813,59,584,96,33,6,32,584,446,138,15,12,96,11,81,4,96,96,11,11,253,42,42,42,29,24,5,7,3,12,12,295,53,636,993,477,242,294,405,83,446,273,83,131,559,317,149,831,142,19,214,252,243,47,22,103,170,20,43,42,9,0.41542662116040957
La expedición de la Kon-Tiki,Avanzado,Editorial S.M.,data/readers/la_expedicion_de_la_kon_tiki.txt,Graded reader,97,10,41,148,974,0.09958932238193019,0.01026694045174538,0.04209445585215606,0.15195071868583163,0.5103340378352782,0.05082382101644968,1.2399973787105951,0.012730979247542044,0.7658410032034,0.03223766029911643,0.6813878821222309,0.10353737839228971,"(3, 13, 7.013513513513513, 2, 8, 4.472972972972973)",2.471571906354515,0.0025375481584748614,0.0016583240329371427,"(3, 13, 6.584905660377358, 2, 8, 4.037735849056604)",0.73875,0.7362266666666681,0.46878680800942285,13.659324638786147,9.658601078514172,109.36942366306457,0.8475526569818393,0.8876630290308466,0.9375672172342566,60.03419113163733,0.0166571745392104,974,183,166,76,90,176,109,67,0,0,134,98,10,5,5,98,2,30,49,3,8,0,6,0,0,36,6,6,4,4,37,34,28,0,6,34,15,19,34,0,34,0,28,5,19,4,0,37,34,0,3,0,0,126,126,36,15,75,0,15,14,90,56,34,86,51,1,0,34,75,69,2,4,75,0,74,1,3,53,22,12,10,53,2,38,1,7,1,4,38,2,0,30,6,0,38,0,0,38,30,30,0,18,16,2,23,23,1,1,56,56,35,21,38,15,23,10,10,0,0,0,0,0,22,156,138,57,81,156,106,50,156,8,118,17,9,0,4,118,95,23,0,0,17,0,17,0,17,17,5,5,31,4,4,4,4,4,0,1,0,0,0,35,2,102,98,40,23,53,69,13,44,21,19,22,62,48,12,157,12,3,39,29,29,2,4,17,42,4,4,3,0,0.45071868583162217
Don Quijote de la Mancha. Parte I.,Avanzado,Grafisk Forlag,data/readers/don_quijote_de_la_mancha_parte_i.txt,Graded reader,1653,179,649,2481,22065,0.07491502379333786,0.008112395196011783,0.02941309766598686,0.11244051665533651,0.5148887733363767,0.03857290470541721,0.9590236290485122,0.007779978681154937,0.7609228441322586,0.022381097930742617,0.6608044260542558,0.07430119107367364,"(2, 34, 11.951229343006853, 2, 17, 6.768238613462313)",10.720577069096432,0.0004858634520324692,0.00040304597187222955,"(1, 34, 9.824534161490684, 1, 17, 5.543478260869565)",0.7001081081081082,0.7018359374999774,0.15190761426798338,20.678973237672444,14.622242204333324,83.80271874621285,0.8434483191315031,0.8082380851860111,0.9068340267180778,51.24688233269104,0.01951338217041327,22065,3172,3029,1383,1646,3067,2423,644,1,1,2501,3074,186,92,94,3074,132,1492,598,187,48,14,107,6,490,933,286,286,76,76,865,775,696,71,8,789,157,632,775,84,680,11,781,342,325,91,23,865,775,14,61,14,14,2996,2996,609,194,2012,181,194,191,2206,1804,402,2147,1076,541,71,459,2010,1735,218,35,2011,227,1713,71,40,2568,1601,1339,262,2568,137,1537,43,659,19,173,1530,548,75,721,182,4,1538,206,83,1249,886,861,25,703,550,153,370,370,131,131,732,721,576,145,527,178,349,189,189,16,16,33,6,27,847,2538,2156,948,1208,2519,2028,491,2538,219,1587,469,145,21,91,1587,1393,194,222,105,469,204,247,18,469,469,66,66,897,89,89,89,86,82,4,5,4,1,1,810,40,2001,3072,1007,371,646,1450,316,1228,844,254,280,1884,1056,489,2621,510,78,536,855,866,252,99,218,435,64,107,343,108,0.3935191479719012
Don Quijote de la Mancha. Parte II.,Avanzado,Grafisk Forlag,data/readers/don_quijote_de_la_mancha_parte_ii.txt,Graded reader,1507,147,627,2281,19602,0.07687991021324354,0.007499234771962045,0.03198653198653199,0.11636567697173758,0.54308466799051,0.04175230051329959,0.9976331226206525,0.007481485002817872,0.7539352490708838,0.024115773960179786,0.6734986799878508,0.07837212983635791,"(2, 25, 10.112669881630863, 1, 12, 5.9960543621218765)",8.773351648351648,0.0004475743112106748,0.00040050556559172504,"(1, 25, 8.570212765957447, 1, 12, 4.960283687943263)",0.7036645962732919,0.7031142536755279,0.18327038573462945,23.29120739194306,16.469370688865183,84.75749321268381,0.8468975246781923,0.8248876459907012,0.9152345296905273,55.33440116808644,0.018071940400373212,19602,2756,2653,1101,1552,2692,2113,579,0,0,2257,3045,247,119,128,3045,179,1207,654,146,68,21,142,1,627,730,201,201,67,67,684,593,528,57,8,602,121,481,593,96,471,26,594,358,152,56,28,684,593,9,69,9,9,2545,2545,475,130,1805,135,129,126,1936,1582,354,1877,950,645,72,210,1801,1573,178,14,1802,264,1458,80,66,1840,1138,977,161,1840,81,1152,22,455,14,116,1144,387,112,533,100,12,1152,269,91,792,726,682,44,419,329,90,292,292,84,84,753,741,568,173,534,193,341,174,174,19,19,41,22,19,606,2259,1926,796,1130,2247,1792,455,2259,161,1532,396,88,14,66,1532,1346,186,223,124,395,204,171,20,396,396,32,32,721,124,124,124,113,106,7,14,7,10,10,1215,62,1837,3046,789,270,705,1397,264,949,672,211,257,1429,904,420,2307,331,69,471,698,719,224,90,125,453,87,201,450,134,0.41143760840730537
Un sueño muy extraño,Intermedio,SGEL,data/readers/un_sueno_muy_extrano.txt,Graded reader,250,15,86,351,2085,0.11990407673860912,0.007194244604316547,0.04124700239808154,0.1683453237410072,0.5204600401731475,0.06240528059630066,0.841530393866267,0.00605417549544077,0.6236017107674836,0.025721701259474147,0.5771352872945062,0.09715802678195284,"(2, 11, 5.928774928774929, 1, 10, 3.7777777777777777)",4.007792207792208,0.0019222024977420661,0.001004803149032918,"(2, 11, 5.425, 1, 10, 3.225)",0.7356250000000001,0.7356806615776135,0.3818073010173549,15.607468021721923,11.03614647531176,105.9588367983049,0.8643519815020024,0.8702578881126914,0.9306675290864975,57.19945066904169,0.017482685380774722,2085,251,243,125,118,245,175,70,2,2,204,336,34,17,17,336,32,68,158,2,2,42,3,0,29,123,35,35,8,8,88,77,69,5,3,81,21,60,77,21,52,4,78,40,27,7,4,88,77,4,7,4,4,360,360,70,19,255,16,19,19,274,202,72,272,149,73,6,44,255,239,14,2,255,101,142,12,13,237,164,130,34,237,4,175,1,32,11,14,175,67,9,84,14,1,175,67,9,99,141,137,4,59,54,5,38,38,13,13,46,43,32,11,33,6,27,6,6,6,6,4,0,4,62,224,199,73,126,220,157,63,224,9,166,22,15,4,7,166,144,22,19,18,22,19,3,0,22,22,9,9,66,10,10,10,10,9,1,1,1,0,0,65,6,156,336,125,43,160,107,23,93,74,55,30,170,133,55,228,25,8,15,71,72,32,3,23,19,5,4,11,0,0.4115107913669065
Lola,Intermedio,Edelsa,data/readers/lola.txt,Graded reader,219,11,60,290,1482,0.14777327935222673,0.007422402159244264,0.04048582995951417,0.19568151147098514,0.49452835089747543,0.07307807614476863,0.8490417757864777,0.006301929509886136,0.5437425076213838,0.02201386670531918,0.528479004757462,0.10341357043162211,"(2, 12, 6.582758620689655, 1, 9, 4.048275862068966)",2.681122448979592,0.0018091244595003994,0.0009588565330727933,"(2, 12, 5.2905982905982905, 1, 9, 3.0854700854700856)",0.75,0.749877704609591,0.4483648881239243,15.28391660251274,10.807361072726415,110.18781284968811,0.8697368651431053,0.8863474787009121,0.9382614507623972,62.10067191416105,0.01610288535013365,1482,201,176,80,96,192,143,49,0,0,172,271,39,19,20,271,27,97,103,0,13,15,2,0,14,79,18,18,7,7,48,45,42,3,0,45,2,43,45,4,40,1,45,35,4,2,4,48,45,0,3,0,0,182,182,35,11,130,6,11,11,141,126,15,139,14,114,3,8,130,124,5,0,130,12,112,6,15,107,69,67,2,107,3,65,1,22,3,13,64,23,2,38,1,0,65,10,3,52,43,40,3,18,10,8,20,20,4,4,67,66,55,11,51,14,37,12,12,1,1,2,1,1,28,149,132,57,75,146,123,23,149,7,117,13,5,3,3,117,72,45,3,3,13,3,10,0,13,13,6,6,64,10,10,10,8,8,0,0,0,0,0,89,8,138,271,92,22,118,70,18,51,30,16,17,106,72,21,148,12,1,41,59,62,7,3,18,39,4,17,20,0,0.4271255060728745
El secreto de Cristóbal Colón,Intermedio,Santillana,data/readers/el_secreto_de_cristobal_colon.txt,Graded reader,303,14,67,384,2265,0.1337748344370861,0.006181015452538631,0.029580573951434878,0.1695364238410596,0.41191777439681304,0.055104232071626645,0.6158423602598986,0.0038065311450942957,0.4116975081137014,0.012178248584378805,0.42545934890087067,0.07213085650239927,"(2, 18, 8.1796875, 1, 8, 4.471354166666667)",3.6977272727272728,0.0016325506722857717,0.0007690517840967828,"(2, 18, 6.378571428571429, 1, 8, 3.4285714285714284)",0.7572222222222222,0.7564875794338503,0.36065573770491804,15.428311213002086,10.909463480970224,115.00608370669325,0.8705550537408586,0.864240982621089,0.9276455136444236,55.33386577827719,0.018072115257715776,2265,361,317,139,178,336,263,73,2,2,275,360,56,28,28,360,38,146,117,10,18,17,10,0,4,134,26,26,13,13,80,72,72,0,0,74,11,63,72,7,64,1,74,20,45,8,1,80,72,2,5,2,2,243,243,56,13,168,6,13,13,181,154,27,180,89,32,3,56,168,164,3,0,168,18,142,8,15,150,92,76,16,150,6,86,2,33,5,18,84,16,4,51,11,2,86,13,7,66,59,59,0,50,43,7,25,25,9,9,92,91,75,16,69,21,48,16,16,4,4,7,1,6,35,314,285,105,180,314,249,65,314,32,226,28,18,1,9,226,183,43,6,4,28,6,22,0,28,28,9,9,61,17,17,17,12,12,0,0,0,5,5,128,10,233,360,162,33,140,143,32,63,58,22,25,138,148,24,319,24,5,79,45,44,8,4,30,62,11,12,26,0,0.4295805739514349
Una morena y una rubia,Intermedio,Edelsa,data/readers/una_morena_y_una_rubia.txt,Graded reader,259,8,58,325,1595,0.16238244514106584,0.005015673981191223,0.03636363636363636,0.20376175548589343,0.39446657750330816,0.06405444738141493,0.6669121459884588,0.0033450138983747153,0.534149191194007,0.019423606952509342,0.44160131666698127,0.08998145950894602,"(2, 17, 6.972307692307692, 1, 8, 3.8215384615384616)",3.036745406824147,0.0019039156155637286,0.0009479288103390462,"(2, 17, 5.271317829457364, 1, 8, 2.891472868217054)",0.7241666666666665,0.7238940285954615,0.40372670807453415,14.489233526959172,10.245435281108309,89.56781609195401,0.8563439899291184,0.8733365992075457,0.9312037503906485,56.53445164004224,0.01768832934591904,1595,222,191,98,93,205,160,45,2,2,180,268,32,16,16,268,20,71,124,0,12,14,6,0,21,83,13,13,2,2,78,74,74,0,0,75,13,62,74,13,59,2,75,70,2,1,2,78,74,1,3,1,1,185,185,29,15,121,20,15,14,136,110,26,132,18,107,5,2,121,111,6,2,121,15,104,2,17,111,80,70,10,111,3,70,1,23,8,6,69,19,8,32,10,0,70,20,7,43,42,41,1,25,17,8,15,15,5,5,78,75,53,22,56,16,40,22,22,0,0,2,2,0,32,180,167,82,85,180,154,26,180,9,141,14,12,0,3,141,103,38,3,3,14,3,11,0,14,14,7,7,49,13,13,13,12,9,3,3,2,1,1,99,8,146,268,97,40,129,102,26,54,27,16,23,107,81,20,180,17,2,49,45,48,9,2,20,42,9,6,20,0,0.4288401253918495
La batalla del tomate,Intermedio,Difusión,data/readers/la_batalla_del_tomate.txt,Graded reader,197,14,63,274,1162,0.16953528399311532,0.012048192771084338,0.05421686746987952,0.23580034423407917,0.44249991035246977,0.07501934796853403,0.9470269888025139,0.011409963720512216,0.8044693699311055,0.043615809213132226,0.5914290249297424,0.13945916766845903,"(2, 14, 7.189781021897811, 1, 8, 4.288321167883212)",2.5246913580246915,0.002172712012069442,0.0012944825730688886,"(2, 14, 6.173913043478261, 1, 8, 3.6231884057971016)",0.7055555555555554,0.7063595505617973,0.4277047522750253,13.450617465839095,9.511022821241038,77.3543642076409,0.8326931219295132,0.8768508343653677,0.9319443219125604,56.00276945508764,0.017856259783758852,1162,228,219,111,108,222,139,83,2,2,157,145,4,2,2,145,0,66,69,1,4,4,1,0,0,44,8,8,5,5,42,41,41,0,0,41,9,32,41,5,33,3,41,40,1,0,0,42,41,0,0,0,0,119,119,32,8,78,1,8,8,86,63,23,86,15,67,3,1,78,76,2,0,78,10,67,1,2,82,49,36,13,82,0,47,4,14,4,13,47,11,1,34,1,0,47,8,3,36,42,42,0,27,20,7,19,19,1,1,65,64,42,22,52,31,21,20,20,3,3,2,0,2,23,197,190,99,91,197,132,65,197,6,173,5,7,0,6,173,140,33,3,3,5,3,2,0,5,5,1,1,36,10,10,10,8,8,0,0,0,1,1,12,1,133,145,45,16,69,74,20,40,27,21,12,70,75,5,196,14,2,52,36,36,3,2,11,38,5,10,1,0,0.4044750430292599
Memorias de septiembre,Intermedio,Edinumen,data/readers/memorias_de_septiembre.txt,Graded reader,192,10,70,272,1731,0.11091854419410745,0.005777007510109763,0.040439052570768345,0.15713460427498555,0.41624976739282143,0.04616981822034761,0.8172883307073125,0.004721480824421216,0.48335796957266935,0.019546538342049023,0.4574911586042007,0.07188769216657573,"(2, 18, 8.022058823529411, 2, 10, 4.5036764705882355)",3.2773333333333334,0.001893317927979973,0.0009933584258597263,"(2, 18, 6.423076923076923, 1, 10, 3.451923076923077)",0.7369230769230769,0.7356132075471717,0.4048140043763676,14.989055087926124,10.598862496251284,108.36560246373665,0.8557247020728624,0.8748040221619896,0.9323549147618403,57.6959084812489,0.01733225156381754,1731,245,224,100,124,228,157,71,0,0,191,306,38,19,19,306,20,147,91,1,18,18,8,0,3,114,37,37,4,4,74,71,71,0,0,71,14,57,71,6,64,1,71,17,44,4,6,74,71,0,3,0,0,222,222,58,3,147,14,3,3,150,117,33,147,61,23,7,56,147,141,2,0,147,54,89,4,14,145,99,90,9,145,4,100,3,19,5,14,100,39,6,52,3,0,100,48,3,49,86,84,2,28,27,1,21,21,5,5,66,64,42,22,58,20,38,13,13,5,5,1,0,1,40,197,185,80,105,195,138,57,197,12,156,12,8,2,6,156,137,19,5,4,12,5,7,0,12,12,4,4,91,2,2,2,2,2,0,0,0,0,0,24,9,146,306,131,26,104,67,31,68,58,39,24,99,93,22,199,13,3,31,89,87,15,2,22,29,1,9,4,1,0.3957250144425188
Muerte entre muñecos,Intermedio,Edinumen,data/readers/muerte_entre_munecos.txt,Graded reader,288,22,108,418,1805,0.1595567867036011,0.01218836565096953,0.059833795013850416,0.23157894736842105,0.5242441862306759,0.08364671780301089,0.9716211516338107,0.011842473870328996,0.7294421377248317,0.043645291343092425,0.6232537008175629,0.14433243597880405,"(2, 14, 5.9688995215311005, 1, 7, 3.672248803827751)",2.8354430379746836,0.0015708825695150601,0.0009201404160696258,"(1, 14, 4.913333333333333, 1, 7, 2.993333333333333)",0.7535714285714287,0.7456160458452741,0.43745819397993313,16.914421623658203,11.96030222993709,116.84782608695653,0.8639245776843268,0.8868963695278979,0.9396614200559373,64.62994561105467,0.015472703721863483,1805,345,325,157,168,334,261,73,0,0,214,266,14,7,7,266,12,71,148,1,2,18,4,0,10,98,25,25,12,12,72,70,69,0,1,70,9,61,70,8,62,0,69,20,46,3,0,72,70,0,2,0,0,200,200,27,6,165,2,6,5,171,157,14,171,83,34,0,54,165,164,1,0,165,50,115,0,0,132,98,92,6,132,4,92,1,16,6,13,92,28,6,44,14,0,92,30,3,59,68,68,0,42,26,16,18,18,7,7,95,94,74,20,72,30,42,21,21,1,1,4,0,4,28,252,225,106,119,252,204,48,252,9,191,26,19,0,4,191,147,44,9,9,26,9,17,0,26,26,9,9,67,14,14,14,11,8,3,3,2,1,1,22,1,182,266,103,17,151,83,34,50,30,23,12,124,95,12,251,18,2,73,65,69,15,3,22,65,9,21,9,0,0.42105263157894735
Guantanameras,Intermedio,Difusión,data/readers/guantanameras.txt,Graded reader,324,23,80,427,2465,0.13144016227180527,0.009330628803245436,0.032454361054766734,0.17322515212981746,0.5981167162091058,0.07861655823600416,0.910545519710434,0.008495962252876259,0.7036816616800602,0.022837538715782885,0.6505594164118057,0.11269325387742031,"(2, 20, 8.768149882903982, 1, 9, 4.934426229508197)",2.933456561922366,0.0011900432299887895,0.0008509178271655031,"(2, 20, 6.788321167883212, 1, 9, 3.613138686131387)",0.7263157894736844,0.7278602383531881,0.3928020565552699,17.323416845652197,12.249505524881938,106.5688922339328,0.868804956239341,0.8766080367585073,0.9349521528344875,61.37366694807549,0.01629363291663897,2465,390,364,175,189,378,256,122,0,0,245,466,76,38,38,466,59,200,118,10,16,17,20,2,24,106,30,30,16,16,88,85,84,1,0,86,12,74,85,8,73,4,86,83,2,1,0,88,85,1,2,1,1,208,208,32,4,163,9,4,3,167,112,55,164,8,154,1,1,163,159,1,0,163,20,131,12,30,149,103,91,12,149,9,83,11,26,1,19,83,15,15,45,7,1,83,19,19,45,58,51,7,48,27,21,20,20,6,6,141,139,101,38,102,52,50,11,11,0,0,3,1,2,23,328,276,128,148,321,237,84,328,12,223,52,20,8,13,223,181,42,25,18,52,21,27,4,52,52,8,8,92,26,26,26,18,18,0,0,0,8,8,173,23,223,466,121,19,137,146,56,32,70,20,10,125,89,18,326,24,5,113,88,106,7,2,19,96,16,69,33,1,0.4251521298174442
Una mujer en apuros,Intermedio,SGEL,data/readers/una_mujer_en_apuros.txt,Graded reader,299,20,132,451,2453,0.12189156135344476,0.008153281695882593,0.053811659192825115,0.18385650224215247,0.5076880840768593,0.06188289324866731,0.9416445431621893,0.007677493217792004,0.678504372121258,0.03651144603343093,0.5921890822953133,0.10887781333680649,"(2, 21, 9.390243902439025, 1, 11, 5.137472283813747)",3.061041292639138,0.001247876597080774,0.0007618591813041383,"(2, 21, 7.024, 1, 11, 3.736)",0.7657894736842105,0.7633155650319826,0.41873417721518985,18.608953881316435,13.158517480266575,127.83419577404052,0.8722613625330589,0.8852817803605829,0.9398753355518642,66.1475021246571,0.015117728831475266,2453,347,311,148,163,320,230,90,2,2,285,409,70,35,35,409,45,180,110,9,24,13,15,2,11,136,29,29,13,13,71,69,65,2,2,70,12,58,69,12,55,2,68,30,30,5,3,71,69,1,1,1,1,325,325,62,15,233,15,15,15,248,214,34,242,108,63,8,63,233,216,11,5,233,94,127,12,27,237,191,172,19,237,4,176,4,31,3,19,175,81,21,49,24,0,176,87,18,71,124,119,5,68,37,31,16,16,5,5,135,122,98,24,87,34,53,29,29,6,6,3,0,3,61,283,219,99,120,277,210,67,283,16,174,63,11,9,10,174,130,44,35,29,63,32,28,3,63,63,9,9,77,23,23,23,21,21,0,0,0,2,2,37,16,204,409,156,26,125,116,36,108,105,32,35,172,137,29,278,24,7,55,77,78,41,1,55,84,18,16,4,2,0.41051773338768854
En busca del oro carmesí,Intermedio,Difusión,data/readers/en_busca_del_oro_carmesi.txt,Graded reader,175,21,65,261,1267,0.13812154696132597,0.016574585635359115,0.05130228887134965,0.20599842146803474,0.3625028174478408,0.05006944992373492,0.8554762576987823,0.01417916449224501,0.6086070702963018,0.031222935729486676,0.4866081817475083,0.10024051731341727,"(3, 18, 8.011494252873563, 2, 9, 5.095785440613027)",2.661676646706587,0.0021007708340225625,0.001306515050633731,"(3, 18, 7.232142857142857, 2, 9, 4.553571428571429)",0.717,0.7211042944785271,0.415041782729805,13.620707649759717,9.631294743704577,93.89243657902219,0.838345045097351,0.8740497980566938,0.9307280795325475,55.43408878613119,0.018039441468192502,1267,242,227,110,117,232,155,77,2,2,175,144,8,4,4,144,6,61,56,8,0,6,1,2,4,50,6,6,8,8,57,55,54,1,0,57,19,38,55,8,47,0,57,55,0,2,0,57,55,2,0,2,2,127,127,41,9,68,9,9,9,77,57,20,77,11,65,0,1,68,66,2,0,68,13,53,2,1,75,40,32,8,75,1,49,0,17,2,6,49,13,1,30,5,0,49,9,1,39,39,39,0,21,14,7,20,20,1,1,88,88,57,31,73,33,40,16,16,4,4,1,0,1,22,210,199,95,104,210,145,65,210,6,180,12,6,1,5,180,147,33,6,4,12,6,6,0,12,12,5,5,33,8,8,8,5,4,1,1,0,3,3,35,0,142,144,52,24,56,71,24,48,38,12,8,84,65,5,210,22,3,62,36,39,5,11,6,65,5,10,13,1,0.42857142857142855
El paso del fuego,Intermedio,Difusión,data/readers/el_paso_del_fuego.txt,Graded reader,119,13,56,188,1145,0.10393013100436681,0.011353711790393014,0.04890829694323144,0.16419213973799127,0.4092811433315039,0.04253664284406023,0.7285546816164857,0.008271799878615123,0.5217730449036625,0.025519031017122357,0.4837237154933436,0.07942363188886341,"(2, 18, 8.037234042553191, 1, 6, 4.2287234042553195)",2.9087719298245616,0.002540412165785643,0.0014405038958693465,"(2, 18, 6.263888888888889, 1, 6, 3.375)",0.7322222222222222,0.7370094562647795,0.4306878306878307,13.239710989668433,9.361889421744605,107.9212452055176,0.8576996751098447,0.8770472916778647,0.9318266005936219,55.72211479509404,0.01794619611400756,1145,168,163,69,94,165,120,45,0,0,135,177,15,7,8,177,12,51,70,0,3,36,5,0,0,41,9,9,3,3,56,55,51,4,0,55,10,45,55,17,37,1,55,48,5,0,2,56,55,0,1,0,0,154,154,41,22,85,6,22,22,107,77,30,107,26,76,4,1,85,81,4,0,85,22,62,1,5,105,71,59,12,105,1,76,6,12,3,7,76,28,9,39,0,0,76,34,6,36,63,60,3,20,19,1,23,23,2,2,36,36,29,7,23,15,8,7,7,0,0,0,0,0,38,154,148,61,87,154,119,35,154,7,129,5,6,0,5,129,111,18,2,2,5,2,3,0,5,5,1,1,38,5,5,5,5,3,2,2,2,0,0,33,3,104,177,47,33,72,66,18,65,36,25,20,75,48,20,155,11,3,32,33,33,9,7,8,21,3,3,16,0,0.38165938864628823
Taxi a Coyoacán,Intermedio,Difusión,data/readers/taxi_a_coyoacan.txt,Graded reader,994,64,383,1441,7409,0.1341611553515994,0.008638142799298152,0.051693885814549874,0.19449318396544743,0.6892225345729575,0.09246689153266563,1.00640076155475,0.00869343349163234,0.8451202540601006,0.04368754991294622,0.7659893090120565,0.14897969959324786,"(2, 24, 9.20818875780708, 1, 11, 5.226925746009716)",4.189830508474576,0.0005655055349540526,0.00046834210273606294,"(1, 24, 7.028947368421052, 1, 11, 3.8473684210526318)",0.7375862068965516,0.736281763180636,0.28942895989123046,22.201295428302497,15.698686548478593,103.07560264513813,0.8637018983661844,0.857160537776347,0.9286771947187414,60.76746542303909,0.01645617425440398,7409,1207,1114,531,583,1154,858,296,4,4,803,1384,209,102,107,1384,144,558,312,21,32,25,59,33,200,359,74,74,42,42,239,226,223,3,0,227,37,190,226,27,194,5,227,204,15,2,6,239,226,1,12,1,1,736,736,143,22,547,24,22,21,569,473,96,550,42,489,4,15,546,520,8,2,547,61,456,30,52,461,288,263,25,461,11,311,9,78,9,43,309,95,13,166,33,2,311,40,23,248,196,191,5,120,97,23,89,89,16,16,412,406,318,88,293,124,169,63,63,18,18,13,6,7,129,948,830,376,454,935,746,189,948,38,740,101,32,14,20,738,570,168,19,16,101,16,82,3,101,101,16,16,325,46,46,46,34,30,4,4,4,11,11,301,41,702,1384,437,84,381,334,122,180,197,71,61,439,318,66,945,65,10,313,284,341,41,21,84,275,26,106,49,21,0.4139559994601161
Las nietas de mayo,Intermedio,Difusión,data/readers/las_nietas_de_mayo.txt,Graded reader,1009,92,324,1425,8350,0.12083832335329342,0.011017964071856288,0.038802395209580835,0.17065868263473055,0.6391791751303648,0.07723733984509439,1.0042167393698342,0.011064423954733504,0.8619955395143705,0.033447491593132456,0.7548158659830034,0.12881588132045269,"(1, 20, 7.553684210526316, 1, 14, 4.525614035087719)",4.780135823429542,0.0005724713560993464,0.00048420044455564664,"(1, 20, 5.866310160427807, 1, 14, 3.2245989304812834)",0.7295384615384612,0.7281560613098008,0.2836230558096981,22.968214641239282,16.24098032456844,95.39648272342345,0.8708964165069054,0.8566174368349533,0.9287930431803655,61.293652194571806,0.016314903162004114,8350,1257,1152,529,623,1194,750,444,31,31,891,1671,199,99,100,1671,160,606,514,1,33,82,59,6,210,387,84,84,24,24,245,229,228,1,0,229,37,192,229,31,194,4,229,170,33,23,3,245,229,0,16,0,0,888,888,133,10,699,46,10,10,709,482,227,704,188,443,13,60,698,689,6,0,698,161,519,18,33,652,456,378,78,652,14,440,19,119,11,49,431,142,31,210,35,13,440,110,77,253,325,309,16,170,108,62,99,99,18,18,357,348,240,108,268,92,176,63,63,17,17,9,0,9,127,1031,840,392,448,1015,699,316,1031,49,712,187,33,18,31,712,556,156,98,83,187,75,89,23,187,187,21,21,315,79,79,79,51,51,0,0,0,28,28,417,37,785,1671,454,63,564,421,133,204,215,81,63,577,375,72,1036,88,14,284,258,294,56,28,47,230,45,106,115,5,0.3998802395209581
Más conchas que un galápago,Intermedio,Difusión,data/readers/mas_conchas_que_un_galapago.txt,Graded reader,849,47,245,1141,5622,0.15101387406616862,0.008360014229811455,0.043578797580932055,0.20295268587691212,0.6663880063833421,0.10063383447517919,0.9017732422736175,0.007538837137470656,0.7573468971890399,0.03300426713114813,0.7088725664074255,0.14386759129684676,"(2, 18, 8.023663453111306, 1, 9, 4.828220858895706)",4.021074815595363,0.000715239205904547,0.000538816171596386,"(1, 18, 6.39209726443769, 1, 9, 3.5623100303951367)",0.7377272727272728,0.7415202391904321,0.31234540139419836,20.829012519477285,14.728335997941883,106.62173179081609,0.867125369794164,0.8614705086888965,0.9299349873888422,60.63679950752417,0.016491635576444206,5622,898,821,404,417,850,609,241,4,4,576,1089,131,65,66,1089,113,408,280,27,16,22,45,2,176,276,68,68,15,15,207,192,192,0,0,196,32,164,192,34,155,3,196,188,0,5,3,207,192,4,11,4,4,564,564,110,25,406,23,25,24,431,362,69,426,33,377,12,4,406,395,9,1,406,61,326,19,30,360,229,193,36,360,17,252,7,63,7,14,252,71,20,134,26,1,252,51,31,170,178,170,8,77,48,29,81,81,7,7,311,304,228,76,241,112,129,38,38,9,9,4,1,3,109,695,617,289,328,682,505,177,695,28,528,62,41,13,21,528,411,117,17,15,62,13,45,4,62,62,24,24,247,49,49,49,43,40,3,4,3,6,6,211,33,481,1088,315,69,331,235,107,156,168,72,40,320,247,40,675,56,10,190,237,253,40,16,78,194,24,98,36,7,0.40732835289932406
Lazarillo de Tormes,Intermedio,Grafisk Forlag,data/readers/lazarillo_de_tormes.txt,Graded reader,955,57,305,1317,8413,0.11351479852609057,0.006775228812552003,0.03625341733032212,0.1565434446689647,0.48887036526649635,0.05549402101860264,0.728074744861606,0.004932872989077801,0.6634956686207786,0.024053985371370195,0.5609474560127139,0.08781264704252278,"(2, 23, 9.73955960516325, 2, 14, 5.807137433561124)",7.714663143989432,0.0009169931230226354,0.0006144227892525278,"(2, 23, 8.405844155844155, 1, 14, 4.944805194805195)",0.6906849315068493,0.6897248589902132,0.20371878393051032,17.486620447636415,12.36490789855905,77.69443074147597,0.8425671641326395,0.8213326972367725,0.9099849768331786,49.8406895957681,0.02006392784912247,8413,1166,1121,505,616,1128,926,202,0,0,926,907,58,28,30,907,38,365,289,17,20,24,66,0,88,453,112,112,38,38,366,317,283,23,11,324,25,299,317,39,269,9,313,95,165,48,5,366,317,7,32,7,7,1254,1254,226,77,869,82,77,77,946,821,125,933,419,188,22,304,869,792,63,6,869,228,620,21,13,1116,838,775,63,1116,59,749,12,216,12,68,746,296,121,245,79,5,749,346,29,374,460,432,28,281,211,70,82,82,52,52,278,273,229,44,201,65,136,52,52,9,9,21,1,20,387,1048,909,376,533,1046,846,200,1048,79,713,144,64,2,45,713,608,105,112,95,144,111,32,1,144,144,41,41,373,43,43,43,43,42,1,2,0,0,0,83,15,732,907,476,156,308,543,138,544,383,96,104,703,488,207,1092,157,38,156,339,345,162,28,74,146,26,15,14,14,0.38595031498870797
Las hermanas coloradas,Intermedio,Grafisk Forlag,data/readers/las_hermanas_coloradas.txt,Graded reader,1016,61,286,1363,7632,0.1331236897274633,0.00799266247379455,0.03747379454926625,0.17859014675052412,0.548447251263685,0.0730113217091069,0.8740062751703472,0.0069856371574149876,0.6705007001843549,0.025126205483847683,0.6096346079868944,0.10887473410457771,"(1, 18, 6.999266324284666, 1, 10, 4.325752017608218)",5.850477200424178,0.0007665719602232939,0.0005320944633768993,"(1, 18, 5.857142857142857, 1, 10, 3.3933463796477494)",0.7258064516129031,0.7243357664233501,0.24904214559386972,19.71054913305149,13.937462952891334,96.01089203310323,0.8634118337073886,0.840992698530697,0.9201310178812977,54.98221878420112,0.01818769817065559,7632,1137,1064,493,571,1090,774,316,2,2,856,1223,115,58,57,1223,81,320,484,11,32,16,26,2,251,355,66,66,31,31,298,276,259,13,4,280,86,194,276,24,251,1,276,137,106,27,6,298,276,4,18,4,4,879,879,154,41,640,44,41,41,681,482,199,666,306,205,14,141,640,608,21,5,640,69,553,18,37,653,416,315,101,653,34,390,20,137,16,56,389,111,20,205,53,0,390,58,44,288,248,243,5,179,126,53,116,116,29,29,307,304,212,92,238,89,149,69,69,18,18,7,1,6,201,971,882,406,476,965,703,262,971,41,764,76,44,8,38,764,632,132,7,5,76,6,69,1,76,76,30,30,246,51,51,51,48,42,6,7,5,3,3,416,24,716,1223,393,88,514,497,134,294,219,94,65,494,350,104,979,105,30,239,223,230,53,25,76,191,27,74,146,12,0.4102463312368973
Leyendas de Guatemala,Intermedio,Grafisk Forlag,data/readers/leyendas_de_guatemala.txt,Graded reader,887,71,332,1290,7018,0.12638928469649474,0.010116842405243659,0.04730692504987176,0.18381305215161015,0.5178693911345854,0.0654531419117095,0.9346413702976846,0.009455619448722656,0.7895804653722404,0.037352623896207436,0.6603602390689448,0.1213828310628297,"(1, 29, 9.250387596899225, 1, 19, 5.949612403100775)",4.607581967213115,0.0006565377553737695,0.000513271204807715,"(1, 29, 6.668639053254438, 1, 19, 4.174556213017752)",0.6549999999999999,0.654970618734872,0.2683092608326253,20.583010539148916,14.554386329466375,53.35602798708288,0.8310290796899883,0.8484342800913459,0.9239428068205497,57.26995540235453,0.01746116254106402,7018,1408,1352,657,695,1368,872,496,5,5,953,976,168,82,86,976,24,411,268,7,134,6,25,10,91,194,58,58,19,19,147,135,117,13,5,137,35,102,135,3,126,6,132,49,59,20,4,147,135,2,10,2,2,740,740,142,17,527,54,17,16,544,346,198,540,203,133,6,198,527,493,31,3,526,37,481,8,25,460,202,154,48,460,4,262,5,135,10,44,261,67,9,157,28,0,262,34,5,223,180,180,0,97,69,28,121,121,8,8,309,305,201,104,228,111,117,68,68,7,7,3,3,0,137,1185,1054,399,655,1185,801,384,1185,27,994,135,13,0,16,994,884,110,42,31,135,41,93,1,135,135,17,17,237,53,53,53,50,48,2,2,1,2,2,194,18,825,976,230,45,339,425,69,232,208,87,61,440,400,37,1184,130,11,335,201,221,17,34,62,225,33,95,61,10,0.40894841835280704
Papel mojado,Intermedio,Grafisk Forlag,data/readers/papel_mojado.txt,Graded reader,784,71,280,1135,6968,0.11251435132032148,0.010189437428243398,0.040183696900114814,0.1628874856486797,0.5931652295995281,0.06673960103416046,1.0213329831761988,0.010406808525475045,0.8155366915071437,0.0327712792224455,0.7133957357132586,0.11620323766282271,"(2, 19, 7.829074889867841, 1, 14, 5.054625550660793)",4.454464285714286,0.0006392744382483188,0.0005011431795505981,"(1, 19, 6.099514563106796, 1, 14, 3.7888349514563107)",0.7494736842105266,0.7508514013749337,0.3128898128898129,23.771390411143436,16.808911357952397,118.59798168976201,0.8630210787134146,0.865842914655936,0.9332724170411352,64.55696244206585,0.01549019597843395,6968,993,920,426,494,936,731,205,0,0,839,1083,94,47,47,1083,82,297,403,22,0,13,44,12,210,347,106,106,35,35,272,242,212,15,15,248,27,221,242,51,177,14,233,144,59,28,2,272,242,6,24,6,6,927,927,197,62,634,34,61,61,696,605,91,685,305,235,21,124,634,586,38,7,634,224,364,46,26,692,510,454,56,692,27,460,9,126,15,55,457,189,47,176,42,3,460,174,64,222,330,310,20,162,111,51,71,71,27,27,309,299,233,66,213,86,127,66,66,14,14,13,1,11,207,818,708,308,400,814,669,145,818,58,583,106,44,4,19,583,408,175,65,54,106,53,41,12,106,106,13,13,202,55,55,55,44,36,8,9,3,5,5,198,15,654,1081,372,121,413,309,110,330,199,91,113,549,324,108,825,112,29,222,200,202,80,20,108,199,28,46,71,19,0.4018369690011481
Réquiem por un campesino español,Intermedio,Grafisk Forlag,data/readers/requiem_por_un_campesino_espanol.txt,Graded reader,624,42,253,919,5770,0.10814558058925476,0.007279029462738302,0.043847487001733104,0.15927209705372616,0.4316292032801186,0.046678790788005894,0.8299110032875702,0.006040946644380927,0.664018272604563,0.029115532576941848,0.5499892351181704,0.08759793883424587,"(1, 18, 7.243743199129488, 1, 10, 4.35582154515778)",5.337224383916991,0.0009249955604708822,0.0006292769949089327,"(1, 18, 6.262108262108262, 1, 10, 3.5754985754985755)",0.7016666666666667,0.7005260924904483,0.2580511115728236,17.902499282877987,12.65897864311033,79.87301102141042,0.8417808783028788,0.8402423061558218,0.9185699618075601,53.07460107413225,0.018841403981600245,5770,991,933,443,490,949,704,245,6,6,707,823,63,31,32,823,56,233,342,8,7,30,45,0,102,251,70,70,24,24,224,203,190,9,4,210,30,180,203,4,192,7,206,64,118,24,0,224,203,7,13,7,7,660,660,115,28,484,33,28,28,512,408,104,497,173,68,1,255,484,460,8,13,484,18,453,13,8,384,232,198,34,384,21,232,5,83,12,31,232,42,11,161,17,1,232,10,12,210,168,163,5,124,103,21,82,82,12,12,239,238,178,60,163,62,101,43,43,22,22,10,1,9,133,860,800,351,449,855,666,189,860,39,722,56,24,5,14,721,642,79,9,7,56,7,47,2,56,56,4,4,185,26,26,26,26,26,0,0,0,0,0,276,10,610,823,265,69,351,417,111,205,143,50,51,387,295,81,865,67,13,196,175,174,34,26,46,154,25,37,77,8,0.4202772963604853
El sueño de Otto,Inicial,Santillana,data/readers/el_sueno_de_otto.txt,Graded reader,423,21,117,561,2707,0.15626154414480975,0.007757665312153676,0.04322127816771334,0.20724048762467676,0.4936049769557332,0.07713147589666611,0.8597375045577305,0.006669555816665069,0.5308083989933741,0.02294221746665119,0.5157022037869119,0.10687437618192004,"(2, 15, 6.192513368983957, 1, 7, 3.477718360071301)",5.1466666666666665,0.0019012436892008372,0.0008370631184711116,"(2, 15, 5.259574468085106, 1, 7, 2.804255319148936)",0.7325000000000002,0.7402122153209105,0.30428360413589367,13.713032755593574,9.696578452113464,112.45512431046626,0.8817956717100353,0.8437827196817484,0.9163368869858964,48.754424261286665,0.020510959059648823,2707,340,305,130,175,322,240,82,2,2,232,593,87,44,43,593,74,172,215,5,13,58,11,0,45,192,48,48,6,6,118,110,110,0,0,113,20,93,110,30,72,8,113,106,0,7,0,118,110,3,5,3,3,331,331,75,4,241,11,4,4,245,207,38,244,8,235,0,1,241,238,1,0,241,41,176,24,52,187,151,126,25,187,8,121,8,15,11,24,121,39,19,46,15,2,121,41,14,66,79,76,3,51,41,10,25,25,0,0,110,110,84,26,71,21,50,17,17,4,4,2,0,2,16,269,223,83,140,267,205,62,269,26,169,48,17,2,7,169,114,55,35,31,48,31,13,4,48,48,9,9,73,19,19,19,15,15,0,0,0,2,2,175,39,186,593,203,39,235,174,70,51,72,32,29,188,117,35,261,4,16,51,59,63,19,2,38,66,11,24,23,3,0.44329516069449576
Gente que lee,Inicial,Difusión,data/readers/gente_que_lee.txt,Graded reader,183,12,68,263,1225,0.1493877551020408,0.009795918367346938,0.05551020408163265,0.2146938775510204,0.5366344655197454,0.08016661811437828,0.8708301426105547,0.008530580988838085,0.762098990935772,0.04230427051725102,0.625266636551928,0.13424091870461802,"(2, 15, 7.06083650190114, 1, 7, 3.673003802281369)",2.95959595959596,0.0024159967017109876,0.0014249712708642374,"(1, 15, 5.663043478260869, 1, 7, 3.239130434782609)",0.7144444444444445,0.7150666666666669,0.43073593073593075,13.093238729699403,9.258317893464785,88.9036807918342,0.8664292429890833,0.8766590160017159,0.931479518584815,55.36450132209651,0.018062115184281274,1225,192,175,71,104,182,121,61,1,1,108,281,48,24,24,281,28,129,61,0,20,6,37,0,0,72,18,18,4,4,33,31,31,0,0,32,6,26,31,4,27,0,32,31,0,1,0,33,31,1,1,1,1,105,105,31,1,69,4,1,1,70,58,12,68,1,66,0,1,69,66,1,0,69,15,52,2,16,57,52,49,3,57,1,42,2,7,2,3,42,17,10,12,3,0,42,22,9,11,27,22,5,10,6,4,2,2,0,0,53,51,30,21,36,15,21,4,4,0,0,1,0,1,6,145,133,50,83,143,115,28,145,7,114,8,13,2,1,114,81,33,0,0,8,0,8,0,8,8,10,10,50,15,15,15,8,8,0,0,0,7,7,92,9,92,281,86,5,92,46,16,12,25,6,15,64,44,4,140,18,5,33,40,49,12,0,18,44,12,42,13,0,0.4326530612244898
Amnesia,Inicial,Edinumen,data/readers/amnesia.txt,Graded reader,531,59,213,803,4253,0.12485304490947566,0.013872560545497296,0.050082294850693626,0.18880790030566658,0.5308865516233218,0.06628280247166327,0.9430206320275835,0.013082110813455778,0.7658824103781653,0.03835714869751921,0.6493263398090291,0.12259794283250654,"(2, 12, 5.712328767123288, 1, 12, 3.6338729763387296)",5.083188908145581,0.0011952007778381333,0.0007083313845175207,"(1, 12, 4.723880597014926, 1, 12, 2.6965174129353233)",0.7034374999999999,0.7084667093469904,0.26372944461681663,14.972308703880445,10.58702101453223,81.39925684979671,0.8683329314428262,0.8350061485208096,0.913689320603699,48.95981158930803,0.020424915201642288,4253,623,574,288,286,600,430,170,4,4,348,943,172,86,86,943,160,216,363,13,14,90,19,0,68,265,76,76,14,14,199,194,194,0,0,194,25,169,194,26,165,3,194,194,0,0,0,199,194,0,5,0,0,454,454,75,0,377,2,0,0,377,281,96,372,1,368,0,3,377,367,4,0,377,107,247,23,70,304,231,214,17,304,17,160,9,69,15,34,160,68,10,41,40,1,160,54,33,73,93,89,4,65,52,13,19,19,4,4,198,197,160,37,130,54,76,31,31,6,6,7,4,3,54,495,454,190,264,486,384,102,495,34,372,34,37,11,5,372,276,96,9,8,34,4,25,5,34,34,19,19,138,21,21,21,21,21,0,2,0,0,0,141,39,294,943,275,10,405,250,139,85,91,24,31,259,157,59,494,50,17,98,124,139,37,6,45,96,13,41,31,0,0.4117093816129791
El delfín,Inicial,Coloquio,data/readers/el_delfin.txt,Graded reader,277,37,118,432,1965,0.1409669211195929,0.018829516539440202,0.06005089058524173,0.2198473282442748,0.5878558759043571,0.08286823288829868,0.7788296868376849,0.014664986469717221,0.7962345801607773,0.04781459565342073,0.6707555446052932,0.1474638143865072,"(2, 16, 6.138888888888889, 1, 7, 3.486111111111111)",3.3123595505617978,0.0016856791605912456,0.0009769619432974687,"(2, 16, 5.035714285714286, 1, 7, 2.982142857142857)",0.706875,0.7046893394375477,0.3746928746928747,15.118288711446594,10.69024446779992,83.54210526315791,0.8611358157908106,0.8672570232124029,0.9288191882468917,55.70997219985088,0.017950107682923537,1965,331,295,139,156,318,231,87,4,4,212,274,20,10,10,274,16,58,165,0,4,19,1,0,11,104,29,29,5,5,95,83,82,1,0,90,17,73,83,10,73,0,90,60,20,9,1,95,83,7,5,7,7,260,260,48,13,197,2,13,11,210,177,33,203,35,141,15,12,197,182,9,2,197,28,169,0,10,144,101,91,10,144,9,99,1,16,8,11,99,24,3,59,13,0,99,11,5,83,66,64,2,47,43,4,26,26,5,5,98,97,68,29,72,17,55,21,21,4,4,4,1,3,42,245,225,100,125,245,194,51,245,9,194,18,11,0,11,194,143,51,1,1,18,1,17,0,18,18,5,5,63,17,17,17,15,15,0,0,0,2,2,70,7,182,274,111,34,168,116,47,57,39,15,22,162,89,31,250,10,4,64,64,65,8,10,11,68,12,16,25,1,0.4442748091603053
Por soñar…,Inicial,Santillana,data/readers/por_sonar….txt,Graded reader,200,9,60,269,1338,0.14947683109118087,0.006726457399103139,0.04484304932735426,0.20104633781763825,0.4376501777846543,0.06541856170174205,0.7021979540200151,0.004723304623453016,0.4636390131032286,0.020790987134673925,0.45704835753900774,0.09188789848878406,"(1, 22, 5.643122676579925, 1, 6, 3.3382899628252787)",3.3898916967509027,0.002533551342863156,0.0009511933759049956,"(1, 22, 4.576923076923077, 1, 6, 2.669230769230769)",0.7240000000000001,0.7185115766262361,0.40159045725646125,12.73744655461252,9.006734833767739,87.88094680640506,0.8712286447447684,0.8680420695166438,0.9268092368312593,52.393496361567365,0.01908633837106428,1338,179,166,66,100,169,130,39,1,1,113,304,50,25,25,304,24,66,113,3,26,55,6,0,11,121,31,31,10,10,52,52,52,0,0,52,4,48,52,10,42,0,52,52,0,0,0,52,52,0,0,0,0,164,164,41,9,112,2,9,9,121,110,11,118,10,107,0,1,112,109,0,0,112,22,88,2,10,90,66,61,5,90,10,46,2,17,6,9,46,11,2,28,5,0,46,5,5,36,35,34,1,25,19,6,14,14,1,1,36,36,25,11,28,11,17,8,8,0,0,2,0,2,25,129,116,46,70,127,99,28,129,5,97,11,11,2,2,97,77,20,2,2,11,1,9,1,11,11,8,8,48,16,16,16,9,9,0,0,0,6,6,51,9,94,304,124,19,130,69,21,37,32,15,11,93,52,14,129,13,1,27,41,39,3,1,9,17,7,13,9,1,0.4192825112107623
Lejos de casa,Inicial,Difusión,data/readers/lejos_de_casa.txt,Graded reader,394,17,113,524,3306,0.1191772534785239,0.00514216575922565,0.034180278281911676,0.15849969751966123,0.5004947246302797,0.059647586661926856,0.8921098536751659,0.004587376743036243,0.6917686094492308,0.023644843577665782,0.5761250143362738,0.09131564050580988,"(1, 14, 5.988549618320611, 1, 7, 3.41793893129771)",4.401140684410646,0.0013312585252300804,0.0007682172440081561,"(1, 14, 5.111486486486487, 1, 7, 2.766891891891892)",0.7404166666666666,0.7471802575107299,0.34376286537669826,16.94231367285894,11.980024887068119,115.63478156648888,0.8844766568564925,0.8630184704018918,0.9282599080850974,56.907197283259364,0.017572469700492074,3306,364,311,148,163,338,254,84,4,4,292,767,97,48,49,767,87,251,269,0,11,82,19,0,48,189,47,47,7,7,156,148,148,0,0,149,20,129,148,25,114,9,149,101,33,13,2,156,148,1,7,1,1,377,377,64,17,288,8,17,17,305,254,51,297,121,137,2,37,288,279,1,4,288,115,152,21,68,275,231,210,21,275,13,184,7,36,10,25,184,72,33,58,19,2,184,92,14,78,115,105,10,61,48,13,15,15,6,6,139,139,116,23,104,35,69,22,22,1,1,9,3,6,52,299,270,110,160,296,222,74,299,14,218,29,21,3,12,218,138,80,25,17,29,24,4,1,29,29,16,16,105,31,31,31,16,15,1,1,1,14,14,192,44,258,767,218,40,298,184,84,68,99,29,31,200,146,51,298,17,5,82,77,80,29,5,28,72,8,30,44,5,0.40199637023593465
Vuelo 505 con destino a Caracas,Inicial,Difusión,data/readers/vuelo_505_con_destino_a_caracas.txt,Graded reader,490,39,103,632,4265,0.11488862837045721,0.00914419695193435,0.024150058616647128,0.1481828839390387,0.5468898136458542,0.06283142055954714,0.8998349752919973,0.008228268238309001,0.6099306552131994,0.014729861075488756,0.5911206114338113,0.08759395695807005,"(1, 18, 6.787974683544304, 1, 9, 3.6487341772151898)",5.255474452554744,0.0012322331658979472,0.000721238743949722,"(1, 18, 5.361111111111111, 1, 9, 2.7555555555555555)",0.7025806451612904,0.7049029285949387,0.2676864244741874,14.99521912338454,10.603221127523405,78.66387824826586,0.871601314568008,0.8363081314808283,0.914299145232649,49.185955332594915,0.020331006955908663,4265,465,406,189,217,428,322,106,0,0,378,936,176,88,88,936,154,214,334,3,22,98,21,0,90,269,69,69,28,28,182,164,164,0,0,165,46,119,164,26,128,10,165,159,4,2,0,182,164,1,17,1,1,471,471,103,32,304,32,32,32,336,283,53,331,36,293,1,1,304,296,3,0,304,50,217,37,71,300,237,195,42,300,19,180,12,39,13,37,180,52,20,94,13,1,180,35,29,116,127,122,5,98,86,12,33,33,5,5,129,127,97,30,97,28,69,20,20,14,14,4,4,0,76,371,345,148,197,363,288,75,371,22,296,17,14,9,10,296,222,74,5,4,17,4,12,1,17,17,5,5,168,82,82,82,56,53,3,3,3,26,26,367,49,303,936,303,85,360,250,68,98,85,31,30,276,146,55,369,25,4,104,158,176,32,5,48,80,25,41,101,3,0.41547479484173505
El hombre del bar,Inicial,Santillana,data/readers/el_hombre_del_bar.txt,Graded reader,695,26,178,899,4568,0.15214535901926446,0.005691768826619965,0.03896672504378284,0.19680385288966726,0.4740400510419134,0.07212299375528236,0.4944852845091178,0.002814495927591301,0.5178675569366856,0.020179602700247382,0.48645752760305644,0.09573671569946317,"(1, 16, 5.723025583982203, 1, 9, 3.3303670745272527)",6.984513274336283,0.0015290090355377151,0.00069580637270035,"(1, 16, 4.8157303370786515, 1, 9, 2.6247191011235955)",0.696969696969697,0.6969065420560822,0.2281656089453007,13.124977514407483,9.280760603358488,80.54381779615508,0.860181275361614,0.8176690044669639,0.9037961367829429,44.44884033144652,0.022497774802293848,4568,613,539,291,248,570,482,88,0,0,412,1066,244,122,122,1066,156,234,391,0,88,95,9,0,93,238,55,55,6,6,194,187,187,0,0,190,32,158,187,44,135,8,190,182,4,4,0,194,187,3,4,3,3,538,538,78,34,418,8,34,34,452,381,71,443,41,397,0,5,418,401,6,0,418,56,322,40,107,300,226,213,13,300,20,184,7,43,11,35,181,58,19,85,15,4,184,42,29,113,131,122,9,77,40,37,45,45,1,1,156,155,128,27,139,79,60,29,29,9,9,3,0,3,56,496,464,239,225,480,415,65,496,28,408,17,24,16,1,408,303,105,5,4,17,5,12,0,17,17,12,12,119,33,33,33,29,28,1,1,1,2,2,240,75,338,1066,269,77,445,266,71,87,108,44,34,310,160,56,479,19,2,115,111,110,21,5,74,90,19,64,46,3,0.4141856392294221
El misterio de la llave,Inicial,Santillana,data/readers/el_misterio_de_la_llave.txt,Graded reader,519,12,106,637,2565,0.2023391812865497,0.004678362573099415,0.04132553606237817,0.24834307992202728,0.43239854225260094,0.08749116702888884,0.5088042963201608,0.0023803709769364247,0.4749226725532804,0.019626434031441608,0.4441566411650497,0.11030322823475114,"(2, 17, 5.640502354788069, 1, 7, 3.583987441130298)",5.449035812672176,0.002124380433790322,0.0008195772006574499,"(1, 17, 4.7447698744769875, 1, 7, 2.8368200836820083)",0.708095238095238,0.7150173525037362,0.2670132325141777,12.282608695652174,8.685115899356507,93.8536357635248,0.8508458831309921,0.8275554008475928,0.9070181242402746,44.40430625612493,0.02252033832556644,2565,384,365,212,153,375,290,85,1,1,297,392,56,28,28,392,32,107,220,0,24,2,6,0,1,190,45,45,10,10,138,123,123,0,0,127,12,115,123,5,118,0,127,122,1,4,0,138,123,4,11,4,4,298,298,109,12,174,3,12,12,186,161,25,186,16,165,0,5,174,170,4,0,174,2,172,0,5,174,130,119,11,174,7,111,4,17,10,25,111,17,0,67,27,0,111,2,0,109,69,68,1,72,50,22,34,34,0,0,130,130,107,23,103,39,64,13,13,6,6,3,0,3,20,338,315,181,134,338,268,70,338,20,269,23,24,0,2,269,197,72,1,1,23,1,22,0,23,23,7,7,99,9,9,9,9,9,0,0,0,0,0,83,2,235,396,203,70,240,136,49,71,50,23,33,177,128,12,334,7,7,87,84,82,2,7,19,78,6,19,8,0,0.4249512670565302
Paisaje de otoño,Inicial,Edinumen,data/readers/paisaje_de_otono.txt,Graded reader,969,88,383,1440,5504,0.17605377906976744,0.015988372093023256,0.06958575581395349,0.2616279069767442,0.639147654847079,0.11252436001940762,0.9382701103439127,0.015001411647940466,0.7065985615500703,0.04916919496251397,0.680272028141036,0.1779781468973641,"(2, 21, 6.695138888888889, 1, 7, 3.7444444444444445)",5.527065527065527,0.0010041906844232425,0.0006073536806837051,"(2, 21, 5.373033707865169, 1, 7, 2.9168539325842695)",0.7169767441860464,0.7150327255726917,0.26250856751199453,17.367277969540353,12.280520023013718,87.28568240587744,0.8577547781334519,0.8404755961462183,0.9182692238556612,52.55696705110825,0.01902697313236444,5504,933,845,382,463,894,724,170,2,2,618,965,152,76,76,965,130,198,425,24,22,90,8,0,68,327,77,77,24,24,185,180,180,0,0,181,29,152,180,35,140,5,181,100,66,10,5,185,180,1,4,1,1,662,662,114,25,502,21,25,25,527,463,64,520,245,171,11,93,502,491,4,1,502,92,391,19,69,363,270,251,19,363,15,252,7,42,18,29,252,71,23,122,36,0,252,54,36,162,168,167,1,103,83,20,57,57,10,10,183,183,140,43,149,51,98,26,26,14,14,4,3,1,47,739,681,314,367,735,623,112,739,26,616,51,31,4,8,616,501,115,17,15,51,17,34,0,51,51,15,15,164,74,74,74,68,55,13,13,12,6,6,175,44,524,965,341,58,447,289,87,109,168,58,49,411,279,36,737,30,9,192,161,168,28,8,47,121,28,50,52,2,0.42678052325581395
Doce a las doce,Inicial,Edelsa,data/readers/doce_a_las_doce.txt,Graded reader,356,24,115,495,2543,0.13999213527329926,0.009437672040896579,0.04522217852929611,0.19465198584349194,0.5441073692090929,0.07617075243351831,0.8579814673538736,0.008097347706053073,0.5963946192634522,0.026970263946243415,0.5780932176203559,0.11252699281245623,"(2, 17, 6.167676767676768, 1, 10, 3.5898989898989897)",3.493927125506073,0.0013739390977216173,0.0007875155775738865,"(1, 17, 5.06926406926407, 1, 10, 2.6796536796536796)",0.7466666666666667,0.7475947934352,0.37727759914255093,16.29734425593188,11.523962638701061,98.91642524095376,0.8789849193460975,0.870574620491837,0.9313547020833813,58.19223717966589,0.017184422673294817,2543,325,275,142,133,299,234,65,4,4,197,585,108,54,54,585,86,177,209,1,22,29,13,0,48,146,40,40,5,5,124,111,111,0,0,114,14,100,111,13,98,0,114,87,16,11,0,124,111,3,10,3,3,246,246,41,19,172,14,19,19,191,168,23,188,29,150,1,8,172,165,4,1,172,33,136,3,31,153,124,119,5,153,0,96,5,38,4,10,96,32,13,44,7,0,96,24,11,61,57,55,2,39,23,16,11,11,3,3,117,108,89,19,88,45,43,15,15,7,7,9,6,3,41,248,227,119,108,244,197,47,248,13,194,16,12,4,9,194,142,52,3,3,16,3,13,0,16,16,10,10,77,34,34,34,17,16,1,1,0,15,15,191,29,162,599,172,44,232,138,60,55,61,10,16,159,81,21,242,18,1,62,77,82,8,5,25,58,14,54,54,1,0.41525756979944944
Amor en línea,Inicial,Difusión,data/readers/amor_en_linea.txt,Graded reader,84,8,25,117,702,0.11965811965811966,0.011396011396011397,0.03561253561253561,0.16666666666666666,0.4221034120258223,0.05050810058428643,0.9230608951704493,0.010519212480574922,0.6401562608737372,0.022797587637953604,0.5182847561915149,0.08638079269858581,"(2, 11, 5.9914529914529915, 1, 7, 3.2905982905982905)",2.4271844660194173,0.0034575277293723895,0.0015578174329497617,"(1, 11, 5.274193548387097, 1, 7, 2.6451612903225805)",0.706,0.7289671361502341,0.49714285714285716,11.390973870318803,8.054634868021198,82.22246469945739,0.864967875238609,0.8884187423554074,0.9355150082912599,56.13306745960624,0.017814811220135212,702,99,80,42,38,86,61,25,8,8,60,155,34,17,17,155,26,44,51,0,8,15,1,0,10,41,12,12,2,2,44,41,41,0,0,42,5,37,41,1,38,2,42,41,0,1,0,44,41,1,2,1,1,67,67,7,12,47,1,12,12,59,53,6,59,12,46,0,1,47,46,0,0,47,5,38,4,8,26,20,17,3,26,0,17,0,3,3,3,17,8,2,6,1,0,17,3,3,11,10,10,0,4,3,1,4,4,1,1,31,31,21,10,24,16,8,3,3,2,2,0,0,0,6,78,66,25,41,75,56,19,78,4,58,8,3,3,2,58,44,14,1,1,8,0,7,1,8,8,1,1,23,8,8,8,5,4,1,1,1,3,3,55,6,54,156,50,14,62,49,26,8,20,4,3,28,29,9,77,2,1,27,18,19,1,1,6,19,2,5,6,0,0.4287749287749288
Sin noticias,Inicial,Difusión,data/readers/sin_noticias.txt,Graded reader,151,20,46,217,1046,0.14435946462715105,0.019120458891013385,0.04397705544933078,0.2074569789674952,0.447352855003759,0.06457961864777018,0.8073458674328743,0.015436823469079814,0.5912157192374907,0.02599992646742311,0.5187564327601982,0.10761964236038529,"(2, 11, 5.529953917050691, 1, 8, 3.589861751152074)",2.693950177935943,0.0025754781815831196,0.0011872771325994896,"(2, 11, 4.65, 1, 8, 2.76)",0.7175,0.7090250696378804,0.4369645042839657,12.489848999462554,8.831656923515988,78.08970747488814,0.8680054663454503,0.8765362553265106,0.9307510481819875,54.31261713787837,0.018411928069335958,1046,163,148,64,84,157,114,43,0,0,118,196,16,8,8,196,16,54,100,0,0,12,4,0,10,58,16,16,5,5,49,43,43,0,0,44,7,37,43,4,38,1,44,43,0,1,0,49,43,1,5,1,1,91,91,17,7,66,1,7,7,73,63,10,73,7,65,1,0,66,66,0,0,66,15,47,4,17,56,40,37,3,56,3,39,0,4,1,9,39,11,5,18,5,0,39,7,6,26,23,23,0,14,9,5,11,11,0,0,55,55,40,15,40,15,25,11,11,2,2,1,0,1,13,122,103,47,56,121,95,26,122,3,94,18,4,1,2,94,65,29,3,3,18,3,15,0,18,18,0,0,31,11,11,11,5,4,1,1,1,6,6,65,10,101,197,67,13,102,53,30,17,11,8,6,48,54,10,120,7,3,42,27,27,5,2,13,35,7,14,15,0,0.4292543021032505
Apartamento en la Costa Brava,Inicial,Difusión,data/readers/apartamento_en_la_costa_brava.txt,Graded reader,1557,188,596,2341,11840,0.1315033783783784,0.01587837837837838,0.05033783783783784,0.1977195945945946,0.5976554387966856,0.07859370930797631,0.954234935246346,0.015151703363708873,0.790190047576939,0.03977645847600132,0.6982004601965122,0.13804791193581376,"(1, 16, 6.263562580093977, 1, 8, 3.6027338744126443)",8.265531062124248,0.0006981022856523858,0.0005119099291325176,"(1, 16, 4.860829493087557, 1, 8, 2.6912442396313363)",0.6615217391304344,0.6627446924333071,0.18817320120637657,18.131149508719513,12.820658768322708,61.3527495462795,0.8396022297109382,0.8171646537114505,0.9087279065613324,49.96871749828877,0.02001252083434493,11840,1662,1464,657,807,1533,1262,271,35,35,1079,2797,728,362,366,2797,355,455,1000,1,361,453,29,14,129,460,170,170,15,15,400,387,385,2,0,391,70,321,387,81,279,27,391,367,15,6,3,400,387,4,9,4,4,1417,1417,218,73,1066,60,73,73,1139,1004,135,1123,96,1008,1,18,1066,1043,8,1,1066,148,831,87,129,774,528,461,67,774,23,497,11,146,18,79,491,176,74,204,34,3,497,131,77,289,306,295,11,151,114,37,114,114,21,21,340,332,294,38,236,76,160,60,60,5,5,0,0,0,136,1277,1130,457,673,1249,1080,169,1277,38,1028,121,45,28,13,1028,811,217,52,47,121,30,69,22,121,121,23,23,360,80,80,80,52,50,2,2,1,24,24,832,102,937,2836,505,159,1099,751,175,221,236,107,99,804,484,168,1270,94,15,327,351,366,72,28,80,195,39,144,129,15,0.40878378378378377
Fantasmas en la escalera,Inicial,Difusión,data/readers/fantasmas_en_la_escalera.txt,Graded reader,1482,105,466,2053,11294,0.13122011687621746,0.009296971843456703,0.0412608464671507,0.18177793518682486,0.6233159532204218,0.08179159223239464,1.0463779175009873,0.00972814603662154,0.7849302277636335,0.03238688561518091,0.720546946323307,0.13097953610782267,"(1, 15, 5.5177788602045785, 1, 8, 3.3886994641987336)",6.863713798977853,0.0006077309898156414,0.0004949751512661553,"(1, 15, 4.733516483516484, 1, 8, 2.6336996336996337)",0.7157471264367818,0.7156785137318076,0.22521391899600685,21.084882643688523,14.909263497874694,87.3872764857881,0.863478282405954,0.8357987554982613,0.9186878405673417,55.28899506763,0.018086781985760296,11294,1655,1449,654,795,1536,1223,313,16,16,1049,2591,464,232,232,2591,305,648,1007,2,146,353,45,16,69,553,171,171,26,26,407,384,384,0,0,390,53,337,384,52,309,23,390,383,0,6,1,407,384,6,17,6,6,1185,1185,212,61,878,34,61,61,939,820,119,931,71,852,3,5,878,863,8,0,878,108,728,42,120,705,480,434,46,705,40,411,17,144,26,67,404,116,33,219,33,3,411,73,47,291,281,270,11,159,134,25,125,125,16,16,495,487,420,67,367,145,222,64,64,22,22,13,3,10,155,1238,1118,457,661,1205,1005,200,1238,65,986,83,51,33,19,986,741,245,29,27,83,21,54,8,83,83,37,37,325,70,70,70,41,39,2,2,0,28,28,671,100,914,2604,638,124,1108,643,224,231,206,82,102,653,435,128,1243,89,10,330,266,285,60,43,87,334,38,189,91,13,0.41429077386222773
Vacaciones al sol,Inicial,Difusión,data/readers/vacaciones_al_sol.txt,Graded reader,1267,122,427,1816,8686,0.1458669122726226,0.014045590605572185,0.049159567119502645,0.20907206999769745,0.6238403239806392,0.09099766181020835,0.9116369370205574,0.012804479198308542,0.7597378388854465,0.037348383283914995,0.6896753454290061,0.14419185209521934,"(2, 17, 5.872797356828194, 1, 7, 3.3441629955947136)",6.303336703741152,0.0007256892359821728,0.0005181414088367855,"(1, 17, 4.973518284993695, 1, 7, 2.730138713745271)",0.7157575757575758,0.7138651890086412,0.2253963505833084,18.430200767464413,13.032119941303598,86.0163341287186,0.8652679100830009,0.8308431432852404,0.9148228866611822,52.068661229808335,0.019205410248334148,8686,1141,1010,493,517,1087,789,298,13,13,851,1869,294,147,147,1869,204,524,690,0,74,72,56,16,233,468,101,101,34,34,436,411,409,2,0,419,74,345,411,40,360,11,419,407,3,9,0,436,411,8,17,8,8,852,852,187,62,585,18,62,61,647,512,135,641,73,565,1,2,585,577,2,1,585,65,490,30,58,469,299,258,41,469,17,291,16,69,23,53,287,82,15,164,25,1,292,52,28,212,205,194,11,109,87,22,110,110,5,5,418,415,297,118,316,111,205,55,55,4,4,11,3,8,104,955,870,389,481,940,739,201,955,24,756,72,65,16,18,756,525,231,27,21,72,19,45,8,72,72,47,47,299,86,86,86,38,37,1,1,1,48,48,680,43,738,1867,508,142,795,452,233,173,154,92,67,496,356,71,932,56,15,255,271,299,31,32,77,256,34,114,116,4,0.4164172231176606
Muy lejos de Madrid,Inicial,Grafisk Forlag,data/readers/muy_lejos_de_madrid.txt,Graded reader,787,60,214,1061,6894,0.11415723817812591,0.008703220191470844,0.031041485349579345,0.1539019437191761,0.4740735591348133,0.054118928204104744,0.9364649427573958,0.008150260598410754,0.5896229445594623,0.018302771995318382,0.5488135869556586,0.08446347777196893,"(2, 16, 7.150801131008483, 1, 15, 4.160226201696513)",5.468085106382978,0.0007931658117758889,0.0005657207931974283,"(1, 16, 5.681274900398407, 1, 15, 3.089641434262948)",0.70811320754717,0.7095623800383903,0.2663401770578263,19.406313672610946,13.722335995736412,83.24584077010854,0.8556978951611459,0.8457553414592283,0.9220487905679301,55.60749301614524,0.017983187979894313,6894,1028,885,396,489,917,685,232,57,57,830,1357,334,166,168,1357,270,269,467,3,26,17,33,38,234,318,81,81,18,18,200,185,177,5,3,190,50,140,185,8,166,11,187,120,48,18,1,200,185,5,10,5,5,889,889,154,42,634,59,42,40,676,497,179,653,198,330,4,121,633,582,29,8,634,43,552,39,21,558,338,274,64,558,11,332,11,146,11,47,332,116,17,168,26,5,332,52,27,253,216,210,6,103,95,8,114,114,22,22,208,199,152,47,149,44,105,50,50,7,7,9,0,9,148,857,778,315,463,851,643,208,857,20,719,68,19,7,22,719,660,59,15,14,68,10,53,5,68,68,11,11,146,104,104,104,35,32,3,7,2,69,69,216,20,703,1370,337,99,505,379,63,228,219,103,77,424,412,81,866,77,9,210,143,139,14,25,79,133,42,71,30,9,0.38874383521903105
